"trade_id","txid","opened_at","closed_at","pair","direction","status","entry","signal_price","initial_stop","maker_taker","requested_qty","entry_filled_qty","exchange_fill_price","exchange_fee_actual","exchange_cost_actual","fee_tier","stop","tp1","tp2","tp3","quantity","original_quantity","remaining_quantity","partial_taken","position_value","risk_percent","risk_dollars","leverage","max_leverage","leverage_limited","raw_score","adjusted_score","setup_score","rr","setup_quality","atr_percent","gbot_version","asset_tier","macro_score","macro_bias","market_regime","bull_probability","bear_probability","score_15m","score_1h","score_4h","score_1d","timeframe_alignment","timeframe_conflict","gate_results","entry_reasons","entry_block_reason","decision_telemetry","market_context_id","snapshot","snapshot_id","snapshot_timestamp","candle_metadata","best_favorable_price","worst_adverse_price","mfe_dollars","mae_dollars","mfe_r","mae_r","max_unrealized_profit","max_unrealized_loss","tp1_touched","tp2_touched","tp3_touched","max_r_achieved","exit_price","gross_pnl","realized_pnl","fees","realized_fees","net_pnl","result","ret7_return_pct","ret7_gate_pass","funding_cost_modeled","borrow_cost_modeled","funding_cost_estimate","borrow_cost_estimate"
"""JUPUSD-20260901064427""","null","""2026-09-01T06:44:27.378123+00:00""","""2026-09-01T13:02:54.288100+00:00""","""JUPUSD""","""LONG""","""CLOSED""","0.2217","null","null","null","null","null","null","null","null","null","0.21563353","0.23383294","0.23989941","0.25203235","24726.07628489","24726.07628489","0.0","false","5481.77","1.5","150.0","0.55","3.0","false","81","100","96","3.0","85.0","1.37","""V10""","3","75.0","""BULL""","""BULL""","93.0","7.0","70.0","82.0","81.0","81.0","true","false","{""regime"":true,""score"":true,""macro"":true,""1h"":true,""4h"":true,""1d"":true,""higher_timeframe_structure"":true,""adx_trend_strength"":true}","[""Strong macro confirmation"",""Full timeframe alignment"",""Strong daily trend"",""Strong 4H trend""]","""Qualified""","{""raw_score"":81,""adjusted_score"":100,""action"":""STRONG BUY"",""setup_score"":96,""trade_allowed"":true,""opportunity_status"":""ENTRY_READY"",""block_reason"":""Qualified"",""reasons"":[""Strong macro confirmation"",""Full timeframe alignment"",""Strong daily trend"",""Strong 4H trend""],""asset_tier"":3,""macro_score"":75.0,""macro_bias"":""BULL"",""market_regime"":""BULL"",""bull_probability"":93.0,""bear_probability"":7.0,""score_15m"":70.0,""score_1h"":82.0,""score_4h"":81.0,""score_1d"":81.0,""alignment"":true,""conflict"":false,""gate_results"":{""regime"":true,""score"":true,""macro"":true,""1h"":true,""4h"":true,""1d"":true,""higher_timeframe_structure"":true,""adx_trend_strength"":true}}","null","{""snapshot_id"":""71e88427debc4445a1957f57abcee4b6"",""snapshot_timestamp"":""2026-09-01T06:42:52.808255+00:00""}","""71e88427debc4445a1957f57abcee4b6""","""2026-09-01T06:42:52.808255+00:00""","{""decision_timestamp"":1788238800,""decision_status"":""closed"",""current_timestamp"":1788242400,""current_status"":""current""}","0.22237","0.2149","16.56647111","168.13731874","0.11044314","1.12091546","16.56647111","-168.13731874","false","false","false","0.11044314","0.2149","-168.14","0.0","21.59","0.0","-189.73","""STOP""","null","null","null","null","null","null"
"""PLUMEUSD-20260901064431""","null","""2026-09-01T06:44:31.550403+00:00""","""2026-09-01T09:05:01.184458+00:00""","""PLUMEUSD""","""LONG""","""CLOSED""","0.01487","null","null","null","null","null","null","null","null","null","0.01434557","0.01591887","0.0164433","0.01749217","238354.02246248","238354.02246248","0.0","false","3544.32","1.25","125.0","0.35","3.0","false","82","92","96","3.0","85.0","1.76","""V10""","3","75.0","""BULL""","""BULL""","93.0","7.0","70.0","76.0","93.0","66.0","false","false","{""regime"":true,""score"":true,""macro"":true,""1h"":true,""4h"":true,""1d"":true,""higher_timeframe_structure"":true,""adx_trend_strength"":true}","[""Strong macro confirmation"",""Strong 4H trend""]","""Qualified""","{""raw_score"":82,""adjusted_score"":92,""action"":""STRONG BUY"",""setup_score"":96,""trade_allowed"":true,""opportunity_status"":""ENTRY_READY"",""block_reason"":""Qualified"",""reasons"":[""Strong macro confirmation"",""Strong 4H trend""],""asset_tier"":3,""macro_score"":75.0,""macro_bias"":""BULL"",""market_regime"":""BULL"",""bull_probability"":93.0,""bear_probability"":7.0,""score_15m"":70.0,""score_1h"":76.0,""score_4h"":93.0,""score_1d"":66.0,""alignment"":false,""conflict"":false,""gate_results"":{""regime"":true,""score"":true,""macro"":true,""1h"":true,""4h"":true,""1d"":true,""higher_timeframe_structure"":true,""adx_trend_strength"":true}}","null","{""snapshot_id"":""71e88427debc4445a1957f57abcee4b6"",""snapshot_timestamp"":""2026-09-01T06:42:52.808255+00:00""}","""71e88427debc4445a1957f57abcee4b6""","""2026-09-01T06:42:52.808255+00:00""","{""decision_timestamp"":1788238800,""decision_status"":""closed"",""current_timestamp"":1788242400,""current_status"":""current""}","0.01487","0.01434","0.0","126.32763191","0.0","1.01062106","0.0","-126.32763191","false","false","false","0.0","0.01434","-126.33","0.0","13.93","0.0","-140.26","""STOP""","null","null","null","null","null","null"
"""MONUSD-20260901064432""","null","""2026-09-01T06:44:32.025259+00:00""","""2026-09-01T17:03:05.583373+00:00""","""MONUSD""","""LONG""","""CLOSED""","0.02713","null","null","null","null","null","null","null","null","null","0.02629642","0.02879716","0.02963073","0.03129789","119964.49051081","119964.49051081","0.0","false","3254.64","1.0","100.0","0.33","3.0","false","78","88","93","3.0","85.0","1.54","""V10""","3","75.0","""BULL""","""BULL""","93.0","7.0","86.0","84.0","77.0","69.0","false","false","{""regime"":true,""score"":true,""macro"":true,""1h"":true,""4h"":true,""1d"":true,""higher_timeframe_structure"":true,""adx_trend_strength"":true}","[""Strong macro confirmation"",""Strong 4H trend""]","""Qualified""","{""raw_score"":78,""adjusted_score"":88,""action"":""BUY"",""setup_score"":93,""trade_allowed"":true,""opportunity_status"":""ENTRY_READY"",""block_reason"":""Qualified"",""reasons"":[""Strong macro confirmation"",""Strong 4H trend""],""asset_tier"":3,""macro_score"":75.0,""macro_bias"":""BULL"",""market_regime"":""BULL"",""bull_probability"":93.0,""bear_probability"":7.0,""score_15m"":86.0,""score_1h"":84.0,""score_4h"":77.0,""score_1d"":69.0,""alignment"":false,""conflict"":false,""gate_results"":{""regime"":true,""score"":true,""macro"":true,""1h"":true,""4h"":true,""1d"":true,""higher_timeframe_structure"":true,""adx_trend_strength"":true}}","null","{""snapshot_id"":""71e88427debc4445a1957f57abcee4b6"",""snapshot_timestamp"":""2026-09-01T06:42:52.808255+00:00""}","""71e88427debc4445a1957f57abcee4b6""","""2026-09-01T06:42:52.808255+00:00""","{""decision_timestamp"":1788238800,""decision_status"":""closed"",""current_timestamp"":1788242400,""current_status"":""current""}","0.0273","0.02629","20.39396339","100.77017203","0.20393963","1.00770172","20.39396339","-100.77017203","false","false","false","0.20393963","0.02629","-100.77","0.0","12.82","0.0","-113.59","""STOP""","null","null","null","null","null","null"
"""XBTUSD-20260901064432""","null","""2026-09-01T06:44:32.509202+00:00""","""2026-09-01T09:05:03.214542+00:00""","""XBTUSD""","""LONG""","""CLOSED""","78878.5","null","null","null","null","null","null","null","null","null","78054.57263117","80526.35473767","81350.2821065","82998.13684417","0.18205488","0.18205488","0.0","false","14360.22","1.5","150.0","1.44","3.0","false","83","100","91","3.0","70.0","0.52","""V10""","1","75.0","""BULL""","""BULL""","93.0","7.0","100.0","85.0","84.0","74.0","true","false","{""regime"":true,""score"":true,""macro"":true,""1h"":true,""4h"":true,""1d"":true,""higher_timeframe_structure"":true,""adx_trend_strength"":true}","[""Strong macro confirmation"",""Full timeframe alignment"",""Strong 4H trend""]","""Qualified""","{""raw_score"":83,""adjusted_score"":100,""action"":""STRONG BUY"",""setup_score"":91,""trade_allowed"":true,""opportunity_status"":""ENTRY_READY"",""block_reason"":""Qualified"",""reasons"":[""Strong macro confirmation"",""Full timeframe alignment"",""Strong 4H trend""],""asset_tier"":1,""macro_score"":75.0,""macro_bias"":""BULL"",""market_regime"":""BULL"",""bull_probability"":93.0,""bear_probability"":7.0,""score_15m"":100.0,""score_1h"":85.0,""score_4h"":84.0,""score_1d"":74.0,""alignment"":true,""conflict"":false,""gate_results"":{""regime"":true,""score"":true,""macro"":true,""1h"":true,""4h"":true,""1d"":true,""higher_timeframe_structure"":true,""adx_trend_strength"":true}}","null","{""snapshot_id"":""71e88427debc4445a1957f57abcee4b6"",""snapshot_timestamp"":""2026-09-01T06:42:52.808255+00:00""}","""71e88427debc4445a1957f57abcee4b6""","""2026-09-01T06:42:52.808255+00:00""","{""decision_timestamp"":1788238800,""decision_status"":""closed"",""current_timestamp"":1788242400,""current_status"":""current""}","79156.6","77863.8","50.62946213","184.73108674","0.33752975","1.23154058","50.62946213","-184.73108674","false","false","false","0.33752975","77863.8","-184.73","0.0","57.07","0.0","-241.8","""STOP""","null","null","null","null","null","null"
"""ETHUSD-20260901064432""","null","""2026-09-01T06:44:32.960501+00:00""","""2026-09-01T14:01:13.619501+00:00""","""ETHUSD""","""LONG""","""CLOSED""","2475.83","null","null","null","null","null","null","null","null","null","2444.07607319","2539.33785362","2571.09178044","2634.59963406","4.72382521","4.72382521","0.0","false","11695.39","1.5","150.0","1.17","3.0","false","84","100","91","3.0","70.0","0.64","""V10""","1","75.0","""BULL""","""BULL""","93.0","7.0","90.0","86.0","84.0","81.0","true","false","{""regime"":true,""score"":true,""macro"":true,""1h"":true,""4h"":true,""1d"":true,""higher_timeframe_structure"":true,""adx_trend_strength"":true}","[""Strong macro confirmation"",""Full timeframe alignment"",""Strong daily trend"",""Strong 4H trend""]","""Qualified""","{""raw_score"":84,""adjusted_score"":100,""action"":""STRONG BUY"",""setup_score"":91,""trade_allowed"":true,""opportunity_status"":""ENTRY_READY"",""block_reason"":""Qualified"",""reasons"":[""Strong macro confirmation"",""Full timeframe alignment"",""Strong daily trend"",""Strong 4H trend""],""asset_tier"":1,""macro_score"":75.0,""macro_bias"":""BULL"",""market_regime"":""BULL"",""bull_probability"":93.0,""bear_probability"":7.0,""score_15m"":90.0,""score_1h"":86.0,""score_4h"":84.0,""score_1d"":81.0,""alignment"":true,""conflict"":false,""gate_results"":{""regime"":true,""score"":true,""macro"":true,""1h"":true,""4h"":true,""1d"":true,""higher_timeframe_structure"":true,""adx_trend_strength"":true}}","null","{""snapshot_id"":""71e88427debc4445a1957f57abcee4b6"",""snapshot_timestamp"":""2026-09-01T06:42:52.808255+00:00""}","""71e88427debc4445a1957f57abcee4b6""","""2026-09-01T06:42:52.808255+00:00""","{""decision_timestamp"":1788238800,""decision_status"":""closed"",""current_timestamp"":1788242400,""current_status"":""current""}","2483.86","2443.39","37.93231644","153.24088981","0.25288211","1.02160593","37.93231644","-153.24088981","false","false","false","0.25288211","2443.39","-153.24","0.0","46.47","0.0","-199.71","""STOP""","null","null","null","null","null","null"
"""FETUSD-20260901064433""","null","""2026-09-01T06:44:33.424565+00:00""","""2026-09-01T09:05:05.436066+00:00""","""FETUSD""","""LONG""","""CLOSED""","0.1574","null","null","null","null","null","null","null","null","null","0.15332775","0.16554451","0.16961676","0.17776127","24556.44913745","24556.44913745","0.0","false","3865.19","1.0","100.0","0.39","3.0","false","78","88","91","3.0","85.0","1.29","""V10""","3","75.0","""BULL""","""BULL""","93.0","7.0","60.0","80.0","80.0","74.0","false","false","{""regime"":true,""score"":true,""macro"":true,""1h"":true,""4h"":true,""1d"":true,""higher_timeframe_structure"":true,""adx_trend_strength"":true}","[""Strong macro confirmation"",""Strong 4H trend""]","""Qualified""","{""raw_score"":78,""adjusted_score"":88,""action"":""BUY"",""setup_score"":91,""trade_allowed"":true,""opportunity_status"":""ENTRY_READY"",""block_reason"":""Qualified"",""reasons"":[""Strong macro confirmation"",""Strong 4H trend""],""asset_tier"":3,""macro_score"":75.0,""macro_bias"":""BULL"",""market_regime"":""BULL"",""bull_probability"":93.0,""bear_probability"":7.0,""score_15m"":60.0,""score_1h"":80.0,""score_4h"":80.0,""score_1d"":74.0,""alignment"":false,""conflict"":false,""gate_results"":{""regime"":true,""score"":true,""macro"":true,""1h"":true,""4h"":true,""1d"":true,""higher_timeframe_structure"":true,""adx_trend_strength"":true}}","null","{""snapshot_id"":""71e88427debc4445a1957f57abcee4b6"",""snapshot_timestamp"":""2026-09-01T06:42:52.808255+00:00""}","""71e88427debc4445a1957f57abcee4b6""","""2026-09-01T06:42:52.808255+00:00""","{""decision_timestamp"":1788238800,""decision_status"":""closed"",""current_timestamp"":1788242400,""current_status"":""current""}","0.1574","0.1527","0.0","115.41531095","0.0","1.15415311","0.0","-115.41531095","false","false","false","0.0","0.1527","-115.42","0.0","15.23","0.0","-130.65","""STOP""","null","null","null","null","null","null"
"""SOLUSD-20260901064433""","null","""2026-09-01T06:44:33.870158+00:00""","""2026-09-01T09:05:06.733956+00:00""","""SOLUSD""","""LONG""","""CLOSED""","103.84","null","null","null","null","null","null","null","null","null","102.09376831","107.33246338","109.07869507","112.57115845","57.26616953","57.26616953","0.0","false","5946.52","1.0","100.0","0.59","3.0","false","75","88","88","3.0","70.0","0.84","""V10""","2","75.0","""BULL""","""BULL""","93.0","7.0","72.0","86.0","75.0","61.0","false","false","{""regime"":true,""score"":true,""macro"":true,""1h"":true,""4h"":true,""1d"":true,""higher_timeframe_structure"":true,""adx_trend_strength"":true}","[""Strong macro confirmation"",""Strong 4H trend""]","""Qualified""","{""raw_score"":75,""adjusted_score"":88,""action"":""BUY"",""setup_score"":88,""trade_allowed"":true,""opportunity_status"":""ENTRY_READY"",""block_reason"":""Qualified"",""reasons"":[""Strong macro confirmation"",""Strong 4H trend""],""asset_tier"":2,""macro_score"":75.0,""macro_bias"":""BULL"",""market_regime"":""BULL"",""bull_probability"":93.0,""bear_probability"":7.0,""score_15m"":72.0,""score_1h"":86.0,""score_4h"":75.0,""score_1d"":61.0,""alignment"":false,""conflict"":false,""gate_results"":{""regime"":true,""score"":true,""macro"":true,""1h"":true,""4h"":true,""1d"":true,""higher_timeframe_structure"":true,""adx_trend_strength"":true}}","null","{""snapshot_id"":""71e88427debc4445a1957f57abcee4b6"",""snapshot_timestamp"":""2026-09-01T06:42:52.808255+00:00""}","""71e88427debc4445a1957f57abcee4b6""","""2026-09-01T06:42:52.808255+00:00""","{""decision_timestamp"":1788238800,""decision_status"":""closed"",""current_timestamp"":1788242400,""current_status"":""current""}","104.27","102.06","24.6244529","101.93378176","0.24624453","1.01933782","24.6244529","-101.93378176","false","false","false","0.24624453","102.06","-101.93","0.0","23.58","0.0","-125.51","""STOP""","null","null","null","null","null","null"
"""AAVEUSD-20260901064434""","null","""2026-09-01T06:44:34.318244+00:00""","""2026-09-02T06:05:44.782237+00:00""","""AAVEUSD""","""LONG""","""CLOSED""","126.87","null","null","null","null","null","null","null","null","null","131.77428933","131.66142135","134.05713202","138.84855337","31.30595065","31.30595065","0.0","true","3971.79","0.75","75.0","0.4","3.0","false","77","82","84","3.0","70.0","0.94","""V10""","4","75.0","""BULL""","""BULL""","93.0","7.0","85.0","79.0","80.0","66.0","false","false","{""regime"":true,""score"":true,""macro"":true,""1h"":true,""4h"":true,""1d"":true,""higher_timeframe_structure"":true,""adx_trend_strength"":true}","[""Strong macro confirmation"",""Strong 4H trend""]","""Qualified""","{""raw_score"":77,""adjusted_score"":82,""action"":""BUY"",""setup_score"":84,""trade_allowed"":true,""opportunity_status"":""ENTRY_READY"",""block_reason"":""Qualified"",""reasons"":[""Strong macro confirmation"",""Strong 4H trend""],""asset_tier"":4,""macro_score"":75.0,""macro_bias"":""BULL"",""market_regime"":""BULL"",""bull_probability"":93.0,""bear_probability"":7.0,""score_15m"":85.0,""score_1h"":79.0,""score_4h"":80.0,""score_1d"":66.0,""alignment"":false,""conflict"":false,""gate_results"":{""regime"":true,""score"":true,""macro"":true,""1h"":true,""4h"":true,""1d"":true,""higher_timeframe_structure"":true,""adx_trend_strength"":true}}","null","{""snapshot_id"":""71e88427debc4445a1957f57abcee4b6"",""snapshot_timestamp"":""2026-09-01T06:42:52.808255+00:00""}","""71e88427debc4445a1957f57abcee4b6""","""2026-09-01T06:42:52.808255+00:00""","{""decision_timestamp"":1788238800,""decision_status"":""closed"",""current_timestamp"":1788242400,""current_status"":""current""}","134.17","125.14","228.53343974","54.15929462","3.04711253","0.72212393","228.53343974","-54.15929462","true","true","false","3.04711253","134.17","197.39","83.12","16.28","4.14","181.11","""TP2""","null","null","null","null","null","null"
"""RENDERUSD-20260901064434""","null","""2026-09-01T06:44:34.785567+00:00""","""2026-09-01T10:01:12.880820+00:00""","""RENDERUSD""","""LONG""","""CLOSED""","1.46","null","null","null","null","null","null","null","null","null","1.43260183","1.51479634","1.54219451","1.59699085","2737.40910433","2737.40910433","0.0","false","3996.62","0.75","75.0","0.4","3.0","false","72","82","84","3.0","70.0","0.94","""V10""","2","75.0","""BULL""","""BULL""","93.0","7.0","92.0","66.0","80.0","53.0","false","true","{""regime"":true,""score"":true,""macro"":true,""1h"":true,""4h"":true,""1d"":true,""higher_timeframe_structure"":true,""adx_trend_strength"":true}","[""Strong macro confirmation"",""Timeframe conflict penalty"",""Strong 4H trend""]","""Qualified""","{""raw_score"":72,""adjusted_score"":82,""action"":""BUY"",""setup_score"":84,""trade_allowed"":true,""opportunity_status"":""ENTRY_READY"",""block_reason"":""Qualified"",""reasons"":[""Strong macro confirmation"",""Timeframe conflict penalty"",""Strong 4H trend""],""asset_tier"":2,""macro_score"":75.0,""macro_bias"":""BULL"",""market_regime"":""BULL"",""bull_probability"":93.0,""bear_probability"":7.0,""score_15m"":92.0,""score_1h"":66.0,""score_4h"":80.0,""score_1d"":53.0,""alignment"":false,""conflict"":true,""gate_results"":{""regime"":true,""score"":true,""macro"":true,""1h"":true,""4h"":true,""1d"":true,""higher_timeframe_structure"":true,""adx_trend_strength"":true}}","null","{""snapshot_id"":""71e88427debc4445a1957f57abcee4b6"",""snapshot_timestamp"":""2026-09-01T06:42:52.808255+00:00""}","""71e88427debc4445a1957f57abcee4b6""","""2026-09-01T06:42:52.808255+00:00""","{""decision_timestamp"":1788238800,""decision_status"":""closed"",""current_timestamp"":1788242400,""current_status"":""current""}","1.464","1.427","10.94963642","90.33450044","0.14599515","1.20446001","10.94963642","-90.33450044","false","false","false","0.14599515","1.427","-90.33","0.0","15.8","0.0","-106.13","""STOP""","null","null","null","null","null","null"
"""LINKUSD-20260901065006""","null","""2026-09-01T06:50:06.489710+00:00""","""2026-09-01T19:02:07.872256+00:00""","""LINKUSD""","""LONG""","""CLOSED""","11.4974","null","null","null","null","null","null","null","null","null","11.29509123","11.90201754","12.10432631","12.50894385","617.86743106","617.86743106","0.0","false","7103.87","1.25","125.0","0.71","3.0","false","84","94","91","3.0","70.0","0.88","""V10""","2","75.0","""BULL""","""BULL""","93.0","7.0","85.0","85.0","99.0","46.0","false","true","{""regime"":true,""score"":true,""macro"":true,""1h"":true,""4h"":true,""1d"":true,""higher_timeframe_structure"":true,""adx_trend_strength"":true}","[""Strong macro confirmation"",""Timeframe conflict penalty"",""Strong 4H trend""]","""Qualified""","{""raw_score"":84,""adjusted_score"":94,""action"":""STRONG BUY"",""setup_score"":91,""trade_allowed"":true,""opportunity_status"":""ENTRY_READY"",""block_reason"":""Qualified"",""reasons"":[""Strong macro confirmation"",""Timeframe conflict penalty"",""Strong 4H trend""],""asset_tier"":2,""macro_score"":75.0,""macro_bias"":""BULL"",""market_regime"":""BULL"",""bull_probability"":93.0,""bear_probability"":7.0,""score_15m"":85.0,""score_1h"":85.0,""score_4h"":99.0,""score_1d"":46.0,""alignment"":false,""conflict"":true,""gate_results"":{""regime"":true,""score"":true,""macro"":true,""1h"":true,""4h"":true,""1d"":true,""higher_timeframe_structure"":true,""adx_trend_strength"":true}}","null","{""snapshot_id"":""0d4af86d5ea74623a84f73d95d99c0a1"",""snapshot_timestamp"":""2026-09-01T06:49:02.452007+00:00""}","""0d4af86d5ea74623a84f73d95d99c0a1""","""2026-09-01T06:49:02.452007+00:00""","{""decision_timestamp"":1788238800,""decision_status"":""closed"",""current_timestamp"":1788242400,""current_status"":""current""}","11.5108","11.21","8.27942358","177.57509969","0.06623539","1.4206008","8.27942358","-177.57509969","false","false","false","0.06623539","11.21","-177.58","0.0","28.06","0.0","-205.64","""STOP""","null","null","null","null","null","null"
"""PYTHUSD-20260901170403""","null","""2026-09-01T17:04:03.710459+00:00""","""2026-09-02T05:00:20.103056+00:00""","""PYTHUSD""","""LONG""","""CLOSED""","0.05068","null","null","null","null","null","null","null","null","null","0.05457401","0.05375197","0.05528796","0.05835993","81380.73815585","81380.73815585","0.0","true","4124.38","1.25","125.0","0.41","3.0","false","78","93","96","3.0","85.0","1.52","""V10""","3","75.0","""BULL""","""BULL""","91.0","9.0","93.0","64.0","83.0","80.0","false","false","{""regime"":true,""score"":true,""macro"":true,""1h"":true,""4h"":true,""1d"":true,""higher_timeframe_structure"":true,""adx_trend_strength"":true}","[""Strong macro confirmation"",""Strong daily trend"",""Strong 4H trend""]","""Qualified""","{""raw_score"":78,""adjusted_score"":93,""action"":""STRONG BUY"",""setup_score"":96,""trade_allowed"":true,""opportunity_status"":""ENTRY_READY"",""block_reason"":""Qualified"",""reasons"":[""Strong macro confirmation"",""Strong daily trend"",""Strong 4H trend""],""asset_tier"":3,""macro_score"":75.0,""macro_bias"":""BULL"",""market_regime"":""BULL"",""bull_probability"":91.0,""bear_probability"":9.0,""score_15m"":93.0,""score_1h"":64.0,""score_4h"":83.0,""score_1d"":80.0,""alignment"":false,""conflict"":false,""gate_results"":{""regime"":true,""score"":true,""macro"":true,""1h"":true,""4h"":true,""1d"":true,""higher_timeframe_structure"":true,""adx_trend_strength"":true}}","null","{""snapshot_id"":""c0290917876b44ceb9dbc1357aa0a092"",""snapshot_timestamp"":""2026-09-01T17:03:09.332350+00:00""}","""c0290917876b44ceb9dbc1357aa0a092""","""2026-09-01T17:03:09.332350+00:00""","{""decision_timestamp"":1788278400,""decision_status"":""closed"",""current_timestamp"":1788282000,""current_status"":""current""}","0.05611","0.05016","441.89740819","42.31798384","3.53517927","0.33854387","441.89740819","-42.31798384","true","true","false","3.53517927","0.05611","375.57","154.62","17.25","4.43","358.32","""TP2""","null","null","null","null","null","null"
"""SEIUSD-20260901170404""","null","""2026-09-01T17:04:04.176094+00:00""","""2026-09-02T11:01:25.185930+00:00""","""SEIUSD""","""LONG""","""CLOSED""","0.04621","null","null","null","null","null","null","null","null","null","0.04622","0.04792925","0.04878887","0.05050812","116330.47160373","116330.47160373","0.0","false","5375.63","1.0","100.0","0.54","3.0","false","82","89","89","3.0","70.0","0.93","""V10""","3","75.0","""BULL""","""BULL""","91.0","9.0","86.0","95.0","90.0","45.0","false","true","{""regime"":true,""score"":true,""macro"":true,""1h"":true,""4h"":true,""1d"":true,""higher_timeframe_structure"":true,""adx_trend_strength"":true}","[""Strong macro confirmation"",""Timeframe conflict penalty"",""Strong 4H trend""]","""Qualified""","{""raw_score"":82,""adjusted_score"":89,""action"":""BUY"",""setup_score"":89,""trade_allowed"":true,""opportunity_status"":""ENTRY_READY"",""block_reason"":""Qualified"",""reasons"":[""Strong macro confirmation"",""Timeframe conflict penalty"",""Strong 4H trend""],""asset_tier"":3,""macro_score"":75.0,""macro_bias"":""BULL"",""market_regime"":""BULL"",""bull_probability"":91.0,""bear_probability"":9.0,""score_15m"":86.0,""score_1h"":95.0,""score_4h"":90.0,""score_1d"":45.0,""alignment"":false,""conflict"":true,""gate_results"":{""regime"":true,""score"":true,""macro"":true,""1h"":true,""4h"":true,""1d"":true,""higher_timeframe_structure"":true,""adx_trend_strength"":true}}","null","{""snapshot_id"":""c0290917876b44ceb9dbc1357aa0a092"",""snapshot_timestamp"":""2026-09-01T17:03:09.332350+00:00""}","""c0290917876b44ceb9dbc1357aa0a092""","""2026-09-01T17:03:09.332350+00:00""","{""decision_timestamp"":1788278400,""decision_status"":""closed"",""current_timestamp"":1788282000,""current_status"":""current""}","0.04724","0.04606","119.82038575","17.44957074","1.19820386","0.17449571","119.82038575","-17.44957074","false","false","false","1.19820386","0.04606","-17.45","0.0","21.47","0.0","-38.92","""STOP""","null","null","null","null","null","null"
"""WIFUSD-20260901170404""","null","""2026-09-01T17:04:04.654956+00:00""","""2026-09-02T01:01:40.577758+00:00""","""WIFUSD""","""LONG""","""CLOSED""","0.199","null","null","null","null","null","null","null","null","null","0.19339268","0.21021464","0.21582197","0.22703661","17833.83149169","17833.83149169","0.0","false","3548.93","1.0","100.0","0.35","3.0","false","80","85","89","3.0","85.0","1.41","""V10""","4","75.0","""BULL""","""BULL""","91.0","9.0","50.0","69.0","95.0","65.0","false","false","{""regime"":true,""score"":true,""macro"":true,""1h"":true,""4h"":true,""1d"":true,""higher_timeframe_structure"":true,""adx_trend_strength"":true}","[""Strong macro confirmation"",""Strong 4H trend""]","""Qualified""","{""raw_score"":80,""adjusted_score"":85,""action"":""BUY"",""setup_score"":89,""trade_allowed"":true,""opportunity_status"":""ENTRY_READY"",""block_reason"":""Qualified"",""reasons"":[""Strong macro confirmation"",""Strong 4H trend""],""asset_tier"":4,""macro_score"":75.0,""macro_bias"":""BULL"",""market_regime"":""BULL"",""bull_probability"":91.0,""bear_probability"":9.0,""score_15m"":50.0,""score_1h"":69.0,""score_4h"":95.0,""score_1d"":65.0,""alignment"":false,""conflict"":false,""gate_results"":{""regime"":true,""score"":true,""macro"":true,""1h"":true,""4h"":true,""1d"":true,""higher_timeframe_structure"":true,""adx_trend_strength"":true}}","null","{""snapshot_id"":""c0290917876b44ceb9dbc1357aa0a092"",""snapshot_timestamp"":""2026-09-01T17:03:09.332350+00:00""}","""c0290917876b44ceb9dbc1357aa0a092""","""2026-09-01T17:03:09.332350+00:00""","{""decision_timestamp"":1788278400,""decision_status"":""closed"",""current_timestamp"":1788282000,""current_status"":""current""}","0.199","0.1932","0.0","103.43622265","0.0","1.03436223","0.0","-103.43622265","false","false","false","0.0","0.1932","-103.44","0.0","13.99","0.0","-117.43","""STOP""","null","null","null","null","null","null"
"""ENAUSD-20260901170405""","null","""2026-09-01T17:04:05.115842+00:00""","""2026-09-02T10:02:30.469958+00:00""","""ENAUSD""","""LONG""","""CLOSED""","0.1619","null","null","null","null","null","null","null","null","null","0.15443117","0.17683765","0.18430648","0.19924413","10041.73344419","10041.73344419","0.0","false","1625.76","0.75","75.0","0.16","3.0","false","78","83","89","3.0","85.0","2.31","""V10""","4","75.0","""BULL""","""BULL""","91.0","9.0","70.0","80.0","84.0","61.0","false","false","{""regime"":true,""score"":true,""macro"":true,""1h"":true,""4h"":true,""1d"":true,""higher_timeframe_structure"":true,""adx_trend_strength"":true}","[""Strong macro confirmation"",""Strong 4H trend""]","""Qualified""","{""raw_score"":78,""adjusted_score"":83,""action"":""BUY"",""setup_score"":89,""trade_allowed"":true,""opportunity_status"":""ENTRY_READY"",""block_reason"":""Qualified"",""reasons"":[""Strong macro confirmation"",""Strong 4H trend""],""asset_tier"":4,""macro_score"":75.0,""macro_bias"":""BULL"",""market_regime"":""BULL"",""bull_probability"":91.0,""bear_probability"":9.0,""score_15m"":70.0,""score_1h"":80.0,""score_4h"":84.0,""score_1d"":61.0,""alignment"":false,""conflict"":false,""gate_results"":{""regime"":true,""score"":true,""macro"":true,""1h"":true,""4h"":true,""1d"":true,""higher_timeframe_structure"":true,""adx_trend_strength"":true}}","null","{""snapshot_id"":""c0290917876b44ceb9dbc1357aa0a092"",""snapshot_timestamp"":""2026-09-01T17:03:09.332350+00:00""}","""c0290917876b44ceb9dbc1357aa0a092""","""2026-09-01T17:03:09.332350+00:00""","{""decision_timestamp"":1788278400,""decision_status"":""closed"",""current_timestamp"":1788282000,""current_status"":""current""}","0.1619","0.1544","0.0","75.31300083","0.0","1.00417334","0.0","-75.31300083","false","false","false","0.0","0.1544","-75.31","0.0","6.35","0.0","-81.66","""STOP""","null","null","null","null","null","null"
"""ETHFIUSD-20260901170405""","null","""2026-09-01T17:04:05.606198+00:00""","""2026-09-02T02:04:01.149044+00:00""","""ETHFIUSD""","""LONG""","""CLOSED""","0.5766","null","null","null","null","null","null","null","null","null","0.55440517","0.62098966","0.6431845","0.68757416","3379.16532814","3379.16532814","0.0","false","1948.43","0.75","75.0","0.19","3.0","false","78","83","89","3.0","85.0","1.92","""V10""","4","75.0","""BULL""","""BULL""","91.0","9.0","90.0","61.0","90.0","65.0","false","false","{""regime"":true,""score"":true,""macro"":true,""1h"":true,""4h"":true,""1d"":true,""higher_timeframe_structure"":true,""adx_trend_strength"":true}","[""Strong macro confirmation"",""Strong 4H trend""]","""Qualified""","{""raw_score"":78,""adjusted_score"":83,""action"":""BUY"",""setup_score"":89,""trade_allowed"":true,""opportunity_status"":""ENTRY_READY"",""block_reason"":""Qualified"",""reasons"":[""Strong macro confirmation"",""Strong 4H trend""],""asset_tier"":4,""macro_score"":75.0,""macro_bias"":""BULL"",""market_regime"":""BULL"",""bull_probability"":91.0,""bear_probability"":9.0,""score_15m"":90.0,""score_1h"":61.0,""score_4h"":90.0,""score_1d"":65.0,""alignment"":false,""conflict"":false,""gate_results"":{""regime"":true,""score"":true,""macro"":true,""1h"":true,""4h"":true,""1d"":true,""higher_timeframe_structure"":true,""adx_trend_strength"":true}}","null","{""snapshot_id"":""c0290917876b44ceb9dbc1357aa0a092"",""snapshot_timestamp"":""2026-09-01T17:03:09.332350+00:00""}","""c0290917876b44ceb9dbc1357aa0a092""","""2026-09-01T17:03:09.332350+00:00""","{""decision_timestamp"":1788278400,""decision_status"":""closed"",""current_timestamp"":1788282000,""current_status"":""current""}","0.5853","0.5526","29.39873835","81.09996788","0.39198318","1.08133291","29.39873835","-81.09996788","false","false","false","0.39198318","0.5526","-81.1","0.0","7.63","0.0","-88.73","""STOP""","null","null","null","null","null","null"
"""ARBUSD-20260901200257""","null","""2026-09-01T20:02:57.179934+00:00""","""2026-09-02T12:00:05.465646+00:00""","""ARBUSD""","""LONG""","""CLOSED""","0.1074","null","null","null","null","null","null","null","null","null","0.1075","0.12159951","0.12869927","0.14289878","21127.47473154","21127.47473154","0.0","false","2269.09","1.5","150.0","0.23","3.0","false","78","98","96","3.0","85.0","3.31","""V10""","4","75.0","""BULL""","""BULL""","91.0","9.0","74.0","76.0","76.0","86.0","true","false","{""regime"":true,""score"":true,""macro"":true,""1h"":true,""4h"":true,""1d"":true,""higher_timeframe_structure"":true,""adx_trend_strength"":true}","[""Strong macro confirmation"",""Full timeframe alignment"",""Strong daily trend"",""Strong 4H trend""]","""Qualified""","{""raw_score"":78,""adjusted_score"":98,""action"":""STRONG BUY"",""setup_score"":96,""trade_allowed"":true,""opportunity_status"":""ENTRY_READY"",""block_reason"":""Qualified"",""reasons"":[""Strong macro confirmation"",""Full timeframe alignment"",""Strong daily trend"",""Strong 4H trend""],""asset_tier"":4,""macro_score"":75.0,""macro_bias"":""BULL"",""market_regime"":""BULL"",""bull_probability"":91.0,""bear_probability"":9.0,""score_15m"":74.0,""score_1h"":76.0,""score_4h"":76.0,""score_1d"":86.0,""alignment"":true,""conflict"":false,""gate_results"":{""regime"":true,""score"":true,""macro"":true,""1h"":true,""4h"":true,""1d"":true,""higher_timeframe_structure"":true,""adx_trend_strength"":true}}","null","{""snapshot_id"":""1cffea28217a4e5387b927afaba78ba0"",""snapshot_timestamp"":""2026-09-01T20:02:06.437592+00:00""}","""1cffea28217a4e5387b927afaba78ba0""","""2026-09-01T20:02:06.437592+00:00""","{""decision_timestamp"":1788289200,""decision_status"":""closed"",""current_timestamp"":1788292800,""current_status"":""current""}","0.1164","0.1072","190.14727258","4.22549495","1.26764848","0.02816997","190.14727258","-4.22549495","false","false","false","1.26764848","0.1075","2.11","0.0","11.81","0.0","-9.7","""STOP""","null","null","null","null","null","null"
"""TIAUSD-20260902010237""","null","""2026-09-02T01:02:37.242601+00:00""","""2026-09-04T13:06:45.772643+00:00""","""TIAUSD""","""LONG""","""CLOSED""","0.3517","null","null","null","null","null","null","null","null","null","0.3518","0.3750362","0.3867043","0.4100405","6427.78172967","6427.78172967","0.0","false","2260.65","0.75","75.0","0.23","3.0","false","77","82","86","3.0","85.0","1.66","""V10""","3","67.0","""NEUTRAL""","""BULL""","88.0","12.0","93.0","86.0","76.0","62.0","false","false","{""regime"":true,""score"":true,""macro"":true,""1h"":true,""4h"":true,""1d"":true,""higher_timeframe_structure"":true,""adx_trend_strength"":true}","[""Strong 4H trend""]","""Qualified""","{""raw_score"":77,""adjusted_score"":82,""action"":""BUY"",""setup_score"":86,""trade_allowed"":true,""opportunity_status"":""ENTRY_READY"",""block_reason"":""Qualified"",""reasons"":[""Strong 4H trend""],""asset_tier"":3,""macro_score"":67.0,""macro_bias"":""NEUTRAL"",""market_regime"":""BULL"",""bull_probability"":88.0,""bear_probability"":12.0,""score_15m"":93.0,""score_1h"":86.0,""score_4h"":76.0,""score_1d"":62.0,""alignment"":false,""conflict"":false,""gate_results"":{""regime"":true,""score"":true,""macro"":true,""1h"":true,""4h"":true,""1d"":true,""higher_timeframe_structure"":true,""adx_trend_strength"":true}}","null","{""snapshot_id"":""3e211562379a4ef8b3480f38f15d7584"",""snapshot_timestamp"":""2026-09-02T01:01:43.736173+00:00""}","""3e211562379a4ef8b3480f38f15d7584""","""2026-09-02T01:01:43.736173+00:00""","{""decision_timestamp"":1788307200,""decision_status"":""closed"",""current_timestamp"":1788310800,""current_status"":""current""}","0.3744","0.3459","145.91064526","37.28113403","1.94547527","0.49708179","145.91064526","-37.28113403","false","false","false","1.94547527","0.3503","-9.0","0.0","9.02","0.0","-18.02","""STOP""","null","null","null","null","null","null"
"""FETUSD-20260902040640""","null","""2026-09-02T04:06:40.766015+00:00""","""2026-09-04T13:06:47.212372+00:00""","""FETUSD""","""LONG""","""CLOSED""","0.1547","null","null","null","null","null","null","null","null","null","0.1548","0.16384218","0.16841327","0.17755546","21876.62023719","21876.62023719","0.0","false","3384.31","1.0","100.0","0.34","3.0","false","84","89","91","3.0","85.0","1.48","""V10""","3","67.0","""NEUTRAL""","""BULL""","89.0","11.0","90.0","78.0","98.0","56.0","false","false","{""regime"":true,""score"":true,""macro"":true,""1h"":true,""4h"":true,""1d"":true,""higher_timeframe_structure"":true,""adx_trend_strength"":true}","[""Strong 4H trend""]","""Qualified""","{""raw_score"":84,""adjusted_score"":89,""action"":""BUY"",""setup_score"":91,""trade_allowed"":true,""opportunity_status"":""ENTRY_READY"",""block_reason"":""Qualified"",""reasons"":[""Strong 4H trend""],""asset_tier"":3,""macro_score"":67.0,""macro_bias"":""NEUTRAL"",""market_regime"":""BULL"",""bull_probability"":89.0,""bear_probability"":11.0,""score_15m"":90.0,""score_1h"":78.0,""score_4h"":98.0,""score_1d"":56.0,""alignment"":false,""conflict"":false,""gate_results"":{""regime"":true,""score"":true,""macro"":true,""1h"":true,""4h"":true,""1d"":true,""higher_timeframe_structure"":true,""adx_trend_strength"":true}}","null","{""snapshot_id"":""c13b7765cd6249119fcc53831cd9976a"",""snapshot_timestamp"":""2026-09-02T04:03:15.268445+00:00""}","""c13b7765cd6249119fcc53831cd9976a""","""2026-09-02T04:03:15.268445+00:00""","{""decision_timestamp"":1788318000,""decision_status"":""closed"",""current_timestamp"":1788321600,""current_status"":""current""}","0.1606","0.1507","129.0720594","87.50648095","1.29072059","0.87506481","129.0720594","-87.50648095","false","false","false","1.29072059","0.154","-15.31","0.0","13.51","0.0","-28.82","""STOP""","null","null","null","null","null","null"
"""JUPUSD-20260902060046""","null","""2026-09-02T06:00:46.960517+00:00""","""2026-09-02T13:00:10.742092+00:00""","""JUPUSD""","""LONG""","""CLOSED""","0.21731","null","null","null","null","null","null","null","null","null","0.21084501","0.23023998","0.23670497","0.24963495","15467.92802464","15467.92802464","0.0","false","3361.34","1.0","100.0","0.34","3.0","false","76","86","91","3.0","85.0","1.49","""V10""","3","67.0","""NEUTRAL""","""BULL""","89.0","11.0","85.0","56.0","84.0","78.0","false","false","{""regime"":true,""score"":true,""macro"":true,""1h"":true,""4h"":true,""1d"":true,""higher_timeframe_structure"":true,""adx_trend_strength"":true}","[""Strong daily trend"",""Strong 4H trend""]","""Qualified""","{""raw_score"":76,""adjusted_score"":86,""action"":""BUY"",""setup_score"":91,""trade_allowed"":true,""opportunity_status"":""ENTRY_READY"",""block_reason"":""Qualified"",""reasons"":[""Strong daily trend"",""Strong 4H trend""],""asset_tier"":3,""macro_score"":67.0,""macro_bias"":""NEUTRAL"",""market_regime"":""BULL"",""bull_probability"":89.0,""bear_probability"":11.0,""score_15m"":85.0,""score_1h"":56.0,""score_4h"":84.0,""score_1d"":78.0,""alignment"":false,""conflict"":false,""gate_results"":{""regime"":true,""score"":true,""macro"":true,""1h"":true,""4h"":true,""1d"":true,""higher_timeframe_structure"":true,""adx_trend_strength"":true}}","null","{""snapshot_id"":""2879b174fbef4772966d5019eef565fb"",""snapshot_timestamp"":""2026-09-02T05:59:47.484764+00:00""}","""2879b174fbef4772966d5019eef565fb""","""2026-09-02T05:59:47.484764+00:00""","{""decision_timestamp"":1788325200,""decision_status"":""closed"",""current_timestamp"":1788328800,""current_status"":""current""}","0.21731","0.20898","0.0","128.84784045","0.0","1.2884784","0.0","-128.84784045","false","false","false","0.0","0.20898","-128.85","0.0","13.18","0.0","-142.03","""STOP""","null","null","null","null","null","null"
"""VIRTUALUSD-20260902100329""","null","""2026-09-02T10:03:29.311869+00:00""","""2026-09-02T12:00:09.910589+00:00""","""VIRTUALUSD""","""LONG""","""CLOSED""","0.6927","null","null","null","null","null","null","null","null","null","0.67507996","0.72794009","0.74556013","0.78080021","4256.51701131","4256.51701131","0.0","false","2948.49","0.75","75.0","0.29","3.0","false","78","83","86","3.0","85.0","1.27","""V10""","3","67.0","""NEUTRAL""","""BULL""","88.0","12.0","61.0","66.0","90.0","66.0","false","false","{""regime"":true,""score"":true,""macro"":true,""1h"":true,""4h"":true,""1d"":true,""higher_timeframe_structure"":true,""adx_trend_strength"":true}","[""Strong 4H trend""]","""Qualified""","{""raw_score"":78,""adjusted_score"":83,""action"":""BUY"",""setup_score"":86,""trade_allowed"":true,""opportunity_status"":""ENTRY_READY"",""block_reason"":""Qualified"",""reasons"":[""Strong 4H trend""],""asset_tier"":3,""macro_score"":67.0,""macro_bias"":""NEUTRAL"",""market_regime"":""BULL"",""bull_probability"":88.0,""bear_probability"":12.0,""score_15m"":61.0,""score_1h"":66.0,""score_4h"":90.0,""score_1d"":66.0,""alignment"":false,""conflict"":false,""gate_results"":{""regime"":true,""score"":true,""macro"":true,""1h"":true,""4h"":true,""1d"":true,""higher_timeframe_structure"":true,""adx_trend_strength"":true}}","null","{""snapshot_id"":""8b0764eb16ad44e6a03a770a03aa23dc"",""snapshot_timestamp"":""2026-09-02T10:02:34.529314+00:00""}","""8b0764eb16ad44e6a03a770a03aa23dc""","""2026-09-02T10:02:34.529314+00:00""","{""decision_timestamp"":1788339600,""decision_status"":""closed"",""current_timestamp"":1788343200,""current_status"":""current""}","0.6927","0.6728","0.0","84.70468853","0.0","1.12939585","0.0","-84.70468853","false","false","false","0.0","0.6728","-84.7","0.0","11.63","0.0","-96.33","""STOP""","null","null","null","null","null","null"
"""FILUSD-20260902143451""","null","""2026-09-02T14:34:51.399964+00:00""","""2026-09-04T06:04:03.191261+00:00""","""FILUSD""","""LONG""","""CLOSED""","0.768","null","null","null","null","null","null","null","null","null","0.769","0.83559499","0.86939249","0.93698748","2958.79872772","2958.79872772","0.0","false","2272.36","1.0","100.0","0.23","3.0","false","75","85","92","3.0","85.0","2.2","""V10""","4","67.0","""NEUTRAL""","""BULL""","89.0","11.0","73.0","74.0","77.0","70.0","true","false","{""regime"":true,""score"":true,""macro"":true,""1h"":true,""4h"":true,""1d"":true,""higher_timeframe_structure"":true,""adx_trend_strength"":true}","[""Full timeframe alignment"",""Strong 4H trend""]","""Qualified""","{""raw_score"":75,""adjusted_score"":85,""action"":""BUY"",""setup_score"":92,""trade_allowed"":true,""opportunity_status"":""ENTRY_READY"",""block_reason"":""Qualified"",""reasons"":[""Full timeframe alignment"",""Strong 4H trend""],""asset_tier"":4,""macro_score"":67.0,""macro_bias"":""NEUTRAL"",""market_regime"":""BULL"",""bull_probability"":89.0,""bear_probability"":11.0,""score_15m"":73.0,""score_1h"":74.0,""score_4h"":77.0,""score_1d"":70.0,""alignment"":true,""conflict"":false,""gate_results"":{""regime"":true,""score"":true,""macro"":true,""1h"":true,""4h"":true,""1d"":true,""higher_timeframe_structure"":true,""adx_trend_strength"":true}}","null","{""snapshot_id"":""829e5647ef474a5ba7bce06b82486f4d"",""snapshot_timestamp"":""2026-09-02T14:33:51.481400+00:00""}","""829e5647ef474a5ba7bce06b82486f4d""","""2026-09-02T14:33:51.481400+00:00""","{""decision_timestamp"":1788354000,""decision_status"":""closed"",""current_timestamp"":1788357600,""current_status"":""current""}","0.817","0.764","144.98113766","11.83519491","1.44981138","0.11835195","144.98113766","-11.83519491","false","false","false","1.44981138","0.769","2.96","0.0","9.09","0.0","-6.13","""STOP""","null","null","null","null","null","null"
"""WIFUSD-20260902160148""","null","""2026-09-02T16:01:48.646701+00:00""","""2026-09-03T17:01:22.904387+00:00""","""WIFUSD""","""LONG""","""CLOSED""","0.1978","null","null","null","null","null","null","null","null","null","0.20905116","0.20889769","0.21444653","0.22554422","13516.33855004","13516.33855004","0.0","true","2673.53","0.75","75.0","0.27","3.0","false","83","83","87","3.0","85.0","1.4","""V10""","4","67.0","""NEUTRAL""","""BULL""","90.0","10.0","96.0","66.0","95.0","73.0","false","false","{""regime"":true,""score"":true,""macro"":true,""1h"":true,""4h"":true,""1d"":true,""higher_timeframe_structure"":true,""adx_trend_strength"":true}","[""Strong 4H trend""]","""Qualified""","{""raw_score"":83,""adjusted_score"":83,""action"":""BUY"",""setup_score"":87,""trade_allowed"":true,""opportunity_status"":""ENTRY_READY"",""block_reason"":""Qualified"",""reasons"":[""Strong 4H trend""],""asset_tier"":4,""macro_score"":67.0,""macro_bias"":""NEUTRAL"",""market_regime"":""BULL"",""bull_probability"":90.0,""bear_probability"":10.0,""score_15m"":96.0,""score_1h"":66.0,""score_4h"":95.0,""score_1d"":73.0,""alignment"":false,""conflict"":false,""gate_results"":{""regime"":true,""score"":true,""macro"":true,""1h"":true,""4h"":true,""1d"":true,""higher_timeframe_structure"":true,""adx_trend_strength"":true}}","null","{""snapshot_id"":""9975b830e80942a9aa29de6dfc31186f"",""snapshot_timestamp"":""2026-09-02T16:00:46.125363+00:00""}","""9975b830e80942a9aa29de6dfc31186f""","""2026-09-02T16:00:46.125363+00:00""","{""decision_timestamp"":1788361200,""decision_status"":""closed"",""current_timestamp"":1788364800,""current_status"":""current""}","0.2146","0.1959","227.07448764","25.68104325","3.02765984","0.34241391","227.07448764","-25.68104325","true","true","false","3.02765984","0.2146","188.56","75.02","11.07","2.82","177.49","""TP2""","null","null","null","null","null","null"
"""PENDLEUSD-20260902160151""","null","""2026-09-02T16:01:51.326116+00:00""","""2026-09-03T23:00:24.395032+00:00""","""PENDLEUSD""","""LONG""","""CLOSED""","1.799","null","null","null","null","null","null","null","null","null","1.90983487","1.90533026","1.95849539","2.06482566","1410.69908039","1410.69908039","0.0","true","2537.85","0.75","75.0","0.25","3.0","false","81","81","86","3.0","85.0","1.48","""V10""","4","67.0","""NEUTRAL""","""BULL""","90.0","10.0","82.0","81.0","88.0","61.0","false","false","{""regime"":true,""score"":true,""macro"":true,""1h"":true,""4h"":true,""1d"":true,""higher_timeframe_structure"":true,""adx_trend_strength"":true}","[""Strong 4H trend""]","""Qualified""","{""raw_score"":81,""adjusted_score"":81,""action"":""BUY"",""setup_score"":86,""trade_allowed"":true,""opportunity_status"":""ENTRY_READY"",""block_reason"":""Qualified"",""reasons"":[""Strong 4H trend""],""asset_tier"":4,""macro_score"":67.0,""macro_bias"":""NEUTRAL"",""market_regime"":""BULL"",""bull_probability"":90.0,""bear_probability"":10.0,""score_15m"":82.0,""score_1h"":81.0,""score_4h"":88.0,""score_1d"":61.0,""alignment"":false,""conflict"":false,""gate_results"":{""regime"":true,""score"":true,""macro"":true,""1h"":true,""4h"":true,""1d"":true,""higher_timeframe_structure"":true,""adx_trend_strength"":true}}","null","{""snapshot_id"":""9975b830e80942a9aa29de6dfc31186f"",""snapshot_timestamp"":""2026-09-02T16:00:46.125363+00:00""}","""9975b830e80942a9aa29de6dfc31186f""","""2026-09-02T16:00:46.125363+00:00""","{""decision_timestamp"":1788361200,""decision_status"":""closed"",""current_timestamp"":1788364800,""current_status"":""current""}","1.963","1.797","231.35464918","2.82139816","3.08472866","0.03761864","231.35464918","-2.82139816","true","true","false","3.08472866","1.963","192.56","76.88","13.7","3.5","178.86","""TP2""","null","null","null","null","null","null"
"""JUPUSD-20260903010048""","null","""2026-09-03T01:00:48.961749+00:00""","""2026-09-03T23:00:25.918040+00:00""","""JUPUSD""","""LONG""","""CLOSED""","0.21903","null","null","null","null","null","null","null","null","null","0.23028199","0.23280601","0.23969402","0.25347004","10888.48593425","10888.48593425","0.0","true","2384.91","0.75","75.0","0.24","3.0","false","79","84","86","3.0","85.0","1.57","""V10""","3","55.0","""NEUTRAL""","""BULL""","79.0","21.0","65.0","86.0","81.0","70.0","false","false","{""regime"":true,""score"":true,""macro"":true,""1h"":true,""4h"":true,""1d"":true,""higher_timeframe_structure"":true,""adx_trend_strength"":true}","[""Strong 4H trend""]","""Qualified""","{""raw_score"":79,""adjusted_score"":84,""action"":""BUY"",""setup_score"":86,""trade_allowed"":true,""opportunity_status"":""ENTRY_READY"",""block_reason"":""Qualified"",""reasons"":[""Strong 4H trend""],""asset_tier"":3,""macro_score"":55.0,""macro_bias"":""NEUTRAL"",""market_regime"":""BULL"",""bull_probability"":79.0,""bear_probability"":21.0,""score_15m"":65.0,""score_1h"":86.0,""score_4h"":81.0,""score_1d"":70.0,""alignment"":false,""conflict"":false,""gate_results"":{""regime"":true,""score"":true,""macro"":true,""1h"":true,""4h"":true,""1d"":true,""higher_timeframe_structure"":true,""adx_trend_strength"":true}}","null","{""snapshot_id"":""2ee10f4fd49c4325ac1bbdff3bf702ea"",""snapshot_timestamp"":""2026-09-03T00:59:49.680196+00:00""}","""2ee10f4fd49c4325ac1bbdff3bf702ea""","""2026-09-03T00:59:49.680196+00:00""","{""decision_timestamp"":1788393600,""decision_status"":""closed"",""current_timestamp"":1788397200,""current_status"":""current""}","0.23717","0.21619","197.51713485","30.92330005","2.6335618","0.41231067","197.51713485","-30.92330005","true","false","false","2.6335618","0.22866","140.03","87.6","9.82","2.56","130.21","""STOP""","null","null","null","null","null","null"
"""ORCAUSD-20260903040624""","null","""2026-09-03T04:06:24.900553+00:00""","""2026-09-04T13:06:48.655518+00:00""","""ORCAUSD""","""LONG""","""CLOSED""","1.253","null","null","null","null","null","null","null","null","null","1.254","1.29679099","1.31868649","1.36247748","6850.72275125","6850.72275125","0.0","false","8583.96","1.5","150.0","0.86","3.0","false","89","100","91","3.0","70.0","0.87","""V10""","3","55.0","""NEUTRAL""","""BULL""","80.0","20.0","81.0","78.0","98.0","82.0","true","false","{""regime"":true,""score"":true,""macro"":true,""1h"":true,""4h"":true,""1d"":true,""higher_timeframe_structure"":true,""adx_trend_strength"":true}","[""Full timeframe alignment"",""Strong daily trend"",""Strong 4H trend""]","""Qualified""","{""raw_score"":89,""adjusted_score"":100,""action"":""STRONG BUY"",""setup_score"":91,""trade_allowed"":true,""opportunity_status"":""ENTRY_READY"",""block_reason"":""Qualified"",""reasons"":[""Full timeframe alignment"",""Strong daily trend"",""Strong 4H trend""],""asset_tier"":3,""macro_score"":55.0,""macro_bias"":""NEUTRAL"",""market_regime"":""BULL"",""bull_probability"":80.0,""bear_probability"":20.0,""score_15m"":81.0,""score_1h"":78.0,""score_4h"":98.0,""score_1d"":82.0,""alignment"":true,""conflict"":false,""gate_results"":{""regime"":true,""score"":true,""macro"":true,""1h"":true,""4h"":true,""1d"":true,""higher_timeframe_structure"":true,""adx_trend_strength"":true}}","null","{""snapshot_id"":""93f041a6332e4bd78ed922ed45893bd1"",""snapshot_timestamp"":""2026-09-03T04:05:31.271859+00:00""}","""93f041a6332e4bd78ed922ed45893bd1""","""2026-09-03T04:05:31.271859+00:00""","{""decision_timestamp"":1788404400,""decision_status"":""closed"",""current_timestamp"":1788408000,""current_status"":""current""}","1.291","1.246","260.32746455","47.95505926","1.73551643","0.3197004","260.32746455","-47.95505926","false","false","false","1.73551643","1.246","-47.96","0.0","34.24","0.0","-82.2","""STOP""","null","null","null","null","null","null"
"""XBTUSD-20260903050506""","null","""2026-09-03T05:05:06.956269+00:00""","""2026-09-03T15:01:27.084883+00:00""","""XBTUSD""","""LONG""","""CLOSED""","77743.8","null","null","null","null","null","null","null","null","null","79734.8533016","79372.49339679","80186.84009519","81815.53349198","0.09209837","0.09209837","0.0","false","7160.08","0.75","75.0","0.72","3.0","false","72","82","82","3.0","70.0","0.52","""V10""","1","55.0","""NEUTRAL""","""BULL""","80.0","20.0","82.0","76.0","75.0","55.0","false","false","{""regime"":true,""score"":true,""macro"":true,""1h"":true,""4h"":true,""1d"":true,""higher_timeframe_structure"":true,""adx_trend_strength"":true}","[""Strong 4H trend""]","""Qualified""","{""raw_score"":72,""adjusted_score"":82,""action"":""BUY"",""setup_score"":82,""trade_allowed"":true,""opportunity_status"":""ENTRY_READY"",""block_reason"":""Qualified"",""reasons"":[""Strong 4H trend""],""asset_tier"":1,""macro_score"":55.0,""macro_bias"":""NEUTRAL"",""market_regime"":""BULL"",""bull_probability"":80.0,""bear_probability"":20.0,""score_15m"":82.0,""score_1h"":76.0,""score_4h"":75.0,""score_1d"":55.0,""alignment"":false,""conflict"":false,""gate_results"":{""regime"":true,""score"":true,""macro"":true,""1h"":true,""4h"":true,""1d"":true,""higher_timeframe_structure"":true,""adx_trend_strength"":true}}","null","{""snapshot_id"":""e4e420c845f94cc398a42970f1ca4ab7"",""snapshot_timestamp"":""2026-09-03T05:04:09.247623+00:00""}","""e4e420c845f94cc398a42970f1ca4ab7""","""2026-09-03T05:04:09.247623+00:00""","{""decision_timestamp"":1788408000,""decision_status"":""closed"",""current_timestamp"":1788411600,""current_status"":""current""}","80549.2","77578.6","258.3727672","15.21465072","3.44497023","0.20286201","258.3727672","-15.21465072","true","true","false","3.44497023","80549.2","258.37","0.0","29.16","0.0","229.21","""TP2""","null","null","null","null","null","null"
"""XBTUSD-20260903152034""","null","""2026-09-03T15:20:34.381435+00:00""","""2026-09-04T13:06:50.263017+00:00""","""XBTUSD""","""LONG""","""CLOSED""","80562.1","null","null","null","null","null","null","null","null","null","80562.2","82716.12687115","83793.14030672","85947.16717786","0.11606169","0.11606169","0.0","false","9350.17","1.25","125.0","0.94","3.0","false","85","92","89","3.0","70.0","0.67","""V10""","1","55.0","""NEUTRAL""","""BULL""","81.0","19.0","92.0","80.0","99.0","55.0","false","true","{""regime"":true,""score"":true,""macro"":true,""1h"":true,""4h"":true,""1d"":true,""higher_timeframe_structure"":true,""adx_trend_strength"":true}","[""Timeframe conflict penalty"",""Strong 4H trend""]","""Qualified""","{""raw_score"":85,""adjusted_score"":92,""action"":""STRONG BUY"",""setup_score"":89,""trade_allowed"":true,""opportunity_status"":""ENTRY_READY"",""block_reason"":""Qualified"",""reasons"":[""Timeframe conflict penalty"",""Strong 4H trend""],""asset_tier"":1,""macro_score"":55.0,""macro_bias"":""NEUTRAL"",""market_regime"":""BULL"",""bull_probability"":81.0,""bear_probability"":19.0,""score_15m"":92.0,""score_1h"":80.0,""score_4h"":99.0,""score_1d"":55.0,""alignment"":false,""conflict"":true,""gate_results"":{""regime"":true,""score"":true,""macro"":true,""1h"":true,""4h"":true,""1d"":true,""higher_timeframe_structure"":true,""adx_trend_strength"":true}}","null","{""snapshot_id"":""3b4633b3e1514883968b4f6f8c7c0b92"",""snapshot_timestamp"":""2026-09-03T15:19:40.803182+00:00""}","""3b4633b3e1514883968b4f6f8c7c0b92""","""2026-09-03T15:19:40.803182+00:00""","{""decision_timestamp"":1788444000,""decision_status"":""closed"",""current_timestamp"":1788447600,""current_status"":""current""}","81746.9","79443.0","137.50989031","129.88463728","1.10007912","1.0390771","137.50989031","-129.88463728","false","false","false","1.10007912","79443.0","-129.88","0.0","37.14","0.0","-167.02","""STOP""","null","null","null","null","null","null"
"""PLUMEUSD-20260903160232""","null","""2026-09-03T16:02:32.793847+00:00""","""2026-09-04T05:02:37.686970+00:00""","""PLUMEUSD""","""LONG""","""CLOSED""","0.01459","null","null","null","null","null","null","null","null","null","0.01419605","0.01537791","0.01577186","0.01655976","253839.31971062","253839.31971062","0.0","false","3703.52","1.0","100.0","0.37","3.0","false","86","88","91","3.0","85.0","1.35","""V10""","3","55.0","""NEUTRAL""","""BULL""","80.0","20.0","100.0","99.0","91.0","54.0","false","true","{""regime"":true,""score"":true,""macro"":true,""1h"":true,""4h"":true,""1d"":true,""higher_timeframe_structure"":true,""adx_trend_strength"":true}","[""Timeframe conflict penalty"",""Strong 4H trend""]","""Qualified""","{""raw_score"":86,""adjusted_score"":88,""action"":""BUY"",""setup_score"":91,""trade_allowed"":true,""opportunity_status"":""ENTRY_READY"",""block_reason"":""Qualified"",""reasons"":[""Timeframe conflict penalty"",""Strong 4H trend""],""asset_tier"":3,""macro_score"":55.0,""macro_bias"":""NEUTRAL"",""market_regime"":""BULL"",""bull_probability"":80.0,""bear_probability"":20.0,""score_15m"":100.0,""score_1h"":99.0,""score_4h"":91.0,""score_1d"":54.0,""alignment"":false,""conflict"":true,""gate_results"":{""regime"":true,""score"":true,""macro"":true,""1h"":true,""4h"":true,""1d"":true,""higher_timeframe_structure"":true,""adx_trend_strength"":true}}","null","{""snapshot_id"":""025433582f6d4f2faefa57684800bd32"",""snapshot_timestamp"":""2026-09-03T16:01:31.293612+00:00""}","""025433582f6d4f2faefa57684800bd32""","""2026-09-03T16:01:31.293612+00:00""","{""decision_timestamp"":1788447600,""decision_status"":""closed"",""current_timestamp"":1788451200,""current_status"":""current""}","0.01473","0.01416","35.53750476","109.15090748","0.35537505","1.09150907","35.53750476","-109.15090748","false","false","false","0.35537505","0.01416","-109.15","0.0","14.6","0.0","-123.75","""STOP""","null","null","null","null","null","null"
"""LINKUSD-20260903160233""","null","""2026-09-03T16:02:33.303478+00:00""","""2026-09-04T13:06:52.815445+00:00""","""LINKUSD""","""LONG""","""CLOSED""","11.754","null","null","null","null","null","null","null","null","null","11.75401","12.28199199","12.54598798","13.07397997","284.09522433","284.09522433","0.0","false","3339.26","0.75","75.0","0.33","3.0","false","76","84","88","3.0","85.0","1.12","""V10""","2","55.0","""NEUTRAL""","""BULL""","80.0","20.0","72.0","85.0","80.0","54.0","false","false","{""regime"":true,""score"":true,""macro"":true,""1h"":true,""4h"":true,""1d"":true,""higher_timeframe_structure"":true,""adx_trend_strength"":true}","[""Strong 4H trend""]","""Qualified""","{""raw_score"":76,""adjusted_score"":84,""action"":""BUY"",""setup_score"":88,""trade_allowed"":true,""opportunity_status"":""ENTRY_READY"",""block_reason"":""Qualified"",""reasons"":[""Strong 4H trend""],""asset_tier"":2,""macro_score"":55.0,""macro_bias"":""NEUTRAL"",""market_regime"":""BULL"",""bull_probability"":80.0,""bear_probability"":20.0,""score_15m"":72.0,""score_1h"":85.0,""score_4h"":80.0,""score_1d"":54.0,""alignment"":false,""conflict"":false,""gate_results"":{""regime"":true,""score"":true,""macro"":true,""1h"":true,""4h"":true,""1d"":true,""higher_timeframe_structure"":true,""adx_trend_strength"":true}}","null","{""snapshot_id"":""025433582f6d4f2faefa57684800bd32"",""snapshot_timestamp"":""2026-09-03T16:01:31.293612+00:00""}","""025433582f6d4f2faefa57684800bd32""","""2026-09-03T16:01:31.293612+00:00""","{""decision_timestamp"":1788447600,""decision_status"":""closed"",""current_timestamp"":1788451200,""current_status"":""current""}","12.08278","11.64349","93.40482786","31.39536324","1.2453977","0.41860484","93.40482786","-31.39536324","false","false","false","1.2453977","11.64349","-31.4","0.0","13.3","0.0","-44.7","""STOP""","null","null","null","null","null","null"
"""ETHUSD-20260903160233""","null","""2026-09-03T16:02:33.802121+00:00""","""2026-09-04T13:00:03.383279+00:00""","""ETHUSD""","""LONG""","""CLOSED""","2509.42","null","null","null","null","null","null","null","null","null","2465.6038338","2597.05233239","2640.86849859","2728.50083098","2.28226266","2.28226266","0.0","false","5727.16","1.0","100.0","0.57","3.0","false","77","87","85","3.0","70.0","0.87","""V10""","1","55.0","""NEUTRAL""","""BULL""","80.0","20.0","84.0","80.0","84.0","54.0","false","false","{""regime"":true,""score"":true,""macro"":true,""1h"":true,""4h"":true,""1d"":true,""higher_timeframe_structure"":true,""adx_trend_strength"":true}","[""Strong 4H trend""]","""Qualified""","{""raw_score"":77,""adjusted_score"":87,""action"":""BUY"",""setup_score"":85,""trade_allowed"":true,""opportunity_status"":""ENTRY_READY"",""block_reason"":""Qualified"",""reasons"":[""Strong 4H trend""],""asset_tier"":1,""macro_score"":55.0,""macro_bias"":""NEUTRAL"",""market_regime"":""BULL"",""bull_probability"":80.0,""bear_probability"":20.0,""score_15m"":84.0,""score_1h"":80.0,""score_4h"":84.0,""score_1d"":54.0,""alignment"":false,""conflict"":false,""gate_results"":{""regime"":true,""score"":true,""macro"":true,""1h"":true,""4h"":true,""1d"":true,""higher_timeframe_structure"":true,""adx_trend_strength"":true}}","null","{""snapshot_id"":""025433582f6d4f2faefa57684800bd32"",""snapshot_timestamp"":""2026-09-03T16:01:31.293612+00:00""}","""025433582f6d4f2faefa57684800bd32""","""2026-09-03T16:01:31.293612+00:00""","{""decision_timestamp"":1788447600,""decision_status"":""closed"",""current_timestamp"":1788451200,""current_status"":""current""}","2526.96","2451.51","40.03088706","132.16583064","0.40030887","1.32165831","40.03088706","-132.16583064","false","false","false","0.40030887","2451.51","-132.17","0.0","22.64","0.0","-154.81","""STOP""","null","null","null","null","null","null"
"""ONDOUSD-20260903160234""","null","""2026-09-03T16:02:34.335403+00:00""","""2026-09-04T07:05:18.017772+00:00""","""ONDOUSD""","""LONG""","""CLOSED""","0.37037","null","null","null","null","null","null","null","null","null","0.36139847","0.38831306","0.3972846","0.41522766","8359.77809805","8359.77809805","0.0","false","3096.21","0.75","75.0","0.31","3.0","false","72","80","85","3.0","85.0","1.21","""V10""","2","55.0","""NEUTRAL""","""BULL""","80.0","20.0","82.0","75.0","75.0","58.0","false","false","{""regime"":true,""score"":true,""macro"":true,""1h"":true,""4h"":true,""1d"":true,""higher_timeframe_structure"":true,""adx_trend_strength"":true}","[""Strong 4H trend""]","""Qualified""","{""raw_score"":72,""adjusted_score"":80,""action"":""BUY"",""setup_score"":85,""trade_allowed"":true,""opportunity_status"":""ENTRY_READY"",""block_reason"":""Qualified"",""reasons"":[""Strong 4H trend""],""asset_tier"":2,""macro_score"":55.0,""macro_bias"":""NEUTRAL"",""market_regime"":""BULL"",""bull_probability"":80.0,""bear_probability"":20.0,""score_15m"":82.0,""score_1h"":75.0,""score_4h"":75.0,""score_1d"":58.0,""alignment"":false,""conflict"":false,""gate_results"":{""regime"":true,""score"":true,""macro"":true,""1h"":true,""4h"":true,""1d"":true,""higher_timeframe_structure"":true,""adx_trend_strength"":true}}","null","{""snapshot_id"":""025433582f6d4f2faefa57684800bd32"",""snapshot_timestamp"":""2026-09-03T16:01:31.293612+00:00""}","""025433582f6d4f2faefa57684800bd32""","""2026-09-03T16:01:31.293612+00:00""","{""decision_timestamp"":1788447600,""decision_status"":""closed"",""current_timestamp"":1788451200,""current_status"":""current""}","0.37183","0.36081","12.20527602","79.91947862","0.16273701","1.06559305","12.20527602","-79.91947862","false","false","false","0.16273701","0.36081","-79.92","0.0","12.22","0.0","-92.14","""STOP""","null","null","null","null","null","null"
"""NEARUSD-20260903230128""","null","""2026-09-03T23:01:28.310185+00:00""","""2026-09-04T13:00:06.864907+00:00""","""NEARUSD""","""LONG""","""CLOSED""","1.9578","null","null","null","null","null","null","null","null","null","1.9579","2.06799405","2.12309108","2.23328513","2268.72482963","2268.72482963","0.0","false","4441.71","1.25","125.0","0.44","3.0","false","81","91","93","3.0","85.0","1.41","""V10""","3","55.0","""NEUTRAL""","""BULL""","80.0","20.0","63.0","90.0","77.0","86.0","false","false","{""regime"":true,""score"":true,""macro"":true,""1h"":true,""4h"":true,""1d"":true,""higher_timeframe_structure"":true,""adx_trend_strength"":true}","[""Strong daily trend"",""Strong 4H trend""]","""Qualified""","{""raw_score"":81,""adjusted_score"":91,""action"":""STRONG BUY"",""setup_score"":93,""trade_allowed"":true,""opportunity_status"":""ENTRY_READY"",""block_reason"":""Qualified"",""reasons"":[""Strong daily trend"",""Strong 4H trend""],""asset_tier"":3,""macro_score"":55.0,""macro_bias"":""NEUTRAL"",""market_regime"":""BULL"",""bull_probability"":80.0,""bear_probability"":20.0,""score_15m"":63.0,""score_1h"":90.0,""score_4h"":77.0,""score_1d"":86.0,""alignment"":false,""conflict"":false,""gate_results"":{""regime"":true,""score"":true,""macro"":true,""1h"":true,""4h"":true,""1d"":true,""higher_timeframe_structure"":true,""adx_trend_strength"":true}}","null","{""snapshot_id"":""db98552c01f24c8db2f6d07570d1e05c"",""snapshot_timestamp"":""2026-09-03T23:00:31.696564+00:00""}","""db98552c01f24c8db2f6d07570d1e05c""","""2026-09-03T23:00:31.696564+00:00""","{""decision_timestamp"":1788472800,""decision_status"":""closed"",""current_timestamp"":1788476400,""current_status"":""current""}","2.0257","1.9284","154.04641593","66.70050999","1.23237133","0.53360408","154.04641593","-66.70050999","false","false","false","1.23237133","1.9437","-31.99","0.0","17.7","0.0","-49.69","""STOP""","null","null","null","null","null","null"
"""SOLUSD-20260903230128""","null","""2026-09-03T23:01:28.809067+00:00""","""2026-09-04T13:00:08.272185+00:00""","""SOLUSD""","""LONG""","""CLOSED""","104.12","null","null","null","null","null","null","null","null","null","101.9517964","108.45640721","110.62461081","114.96101802","46.12112995","46.12112995","0.0","false","4802.13","1.0","100.0","0.48","3.0","false","75","88","91","3.0","85.0","1.04","""V10""","2","55.0","""NEUTRAL""","""BULL""","80.0","20.0","63.0","73.0","75.0","79.0","false","false","{""regime"":true,""score"":true,""macro"":true,""1h"":true,""4h"":true,""1d"":true,""higher_timeframe_structure"":true,""adx_trend_strength"":true}","[""Strong daily trend"",""Strong 4H trend""]","""Qualified""","{""raw_score"":75,""adjusted_score"":88,""action"":""BUY"",""setup_score"":91,""trade_allowed"":true,""opportunity_status"":""ENTRY_READY"",""block_reason"":""Qualified"",""reasons"":[""Strong daily trend"",""Strong 4H trend""],""asset_tier"":2,""macro_score"":55.0,""macro_bias"":""NEUTRAL"",""market_regime"":""BULL"",""bull_probability"":80.0,""bear_probability"":20.0,""score_15m"":63.0,""score_1h"":73.0,""score_4h"":75.0,""score_1d"":79.0,""alignment"":false,""conflict"":false,""gate_results"":{""regime"":true,""score"":true,""macro"":true,""1h"":true,""4h"":true,""1d"":true,""higher_timeframe_structure"":true,""adx_trend_strength"":true}}","null","{""snapshot_id"":""db98552c01f24c8db2f6d07570d1e05c"",""snapshot_timestamp"":""2026-09-03T23:00:31.696564+00:00""}","""db98552c01f24c8db2f6d07570d1e05c""","""2026-09-03T23:00:31.696564+00:00""","{""decision_timestamp"":1788472800,""decision_status"":""closed"",""current_timestamp"":1788476400,""current_status"":""current""}","104.36","101.58","11.06907119","117.14767007","0.11069071","1.1714767","11.06907119","-117.14767007","false","false","false","0.11069071","101.58","-117.15","0.0","18.97","0.0","-136.12","""STOP""","null","null","null","null","null","null"
"""NOSUSD-20260903230129""","null","""2026-09-03T23:01:29.317522+00:00""","""2026-09-04T13:00:09.719079+00:00""","""NOSUSD""","""LONG""","""CLOSED""","0.2955","null","null","null","null","null","null","null","null","null","0.28399073","0.31851855","0.33002782","0.35304637","8688.64836779","8688.64836779","0.0","false","2567.5","1.0","100.0","0.26","3.0","false","81","86","90","3.0","85.0","1.95","""V10""","4","55.0","""NEUTRAL""","""BULL""","80.0","20.0","66.0","72.0","83.0","93.0","false","false","{""regime"":true,""score"":true,""macro"":true,""1h"":true,""4h"":true,""1d"":true,""higher_timeframe_structure"":true,""adx_trend_strength"":true}","[""Strong daily trend"",""Strong 4H trend""]","""Qualified""","{""raw_score"":81,""adjusted_score"":86,""action"":""BUY"",""setup_score"":90,""trade_allowed"":true,""opportunity_status"":""ENTRY_READY"",""block_reason"":""Qualified"",""reasons"":[""Strong daily trend"",""Strong 4H trend""],""asset_tier"":4,""macro_score"":55.0,""macro_bias"":""NEUTRAL"",""market_regime"":""BULL"",""bull_probability"":80.0,""bear_probability"":20.0,""score_15m"":66.0,""score_1h"":72.0,""score_4h"":83.0,""score_1d"":93.0,""alignment"":false,""conflict"":false,""gate_results"":{""regime"":true,""score"":true,""macro"":true,""1h"":true,""4h"":true,""1d"":true,""higher_timeframe_structure"":true,""adx_trend_strength"":true}}","null","{""snapshot_id"":""db98552c01f24c8db2f6d07570d1e05c"",""snapshot_timestamp"":""2026-09-03T23:00:31.696564+00:00""}","""db98552c01f24c8db2f6d07570d1e05c""","""2026-09-03T23:00:31.696564+00:00""","{""decision_timestamp"":1788472800,""decision_status"":""closed"",""current_timestamp"":1788476400,""current_status"":""current""}","0.2979","0.2664","20.85275608","252.8396675","0.20852756","2.52839668","20.85275608","-252.8396675","false","false","false","0.20852756","0.2664","-252.84","0.0","9.76","0.0","-262.6","""STOP""","null","null","null","null","null","null"
"""SEIUSD-20260903230129""","null","""2026-09-03T23:01:29.844323+00:00""","""2026-09-04T07:05:22.518777+00:00""","""SEIUSD""","""LONG""","""CLOSED""","0.04911","null","null","null","null","null","null","null","null","null","0.04801495","0.0513001","0.05239516","0.05458526","91320.03104881","91320.03104881","0.0","false","4484.73","1.0","100.0","0.45","3.0","false","81","86","88","3.0","85.0","1.11","""V10""","3","55.0","""NEUTRAL""","""BULL""","80.0","20.0","63.0","88.0","91.0","52.0","false","false","{""regime"":true,""score"":true,""macro"":true,""1h"":true,""4h"":true,""1d"":true,""higher_timeframe_structure"":true,""adx_trend_strength"":true}","[""Strong 4H trend""]","""Qualified""","{""raw_score"":81,""adjusted_score"":86,""action"":""BUY"",""setup_score"":88,""trade_allowed"":true,""opportunity_status"":""ENTRY_READY"",""block_reason"":""Qualified"",""reasons"":[""Strong 4H trend""],""asset_tier"":3,""macro_score"":55.0,""macro_bias"":""NEUTRAL"",""market_regime"":""BULL"",""bull_probability"":80.0,""bear_probability"":20.0,""score_15m"":63.0,""score_1h"":88.0,""score_4h"":91.0,""score_1d"":52.0,""alignment"":false,""conflict"":false,""gate_results"":{""regime"":true,""score"":true,""macro"":true,""1h"":true,""4h"":true,""1d"":true,""higher_timeframe_structure"":true,""adx_trend_strength"":true}}","null","{""snapshot_id"":""db98552c01f24c8db2f6d07570d1e05c"",""snapshot_timestamp"":""2026-09-03T23:00:31.696564+00:00""}","""db98552c01f24c8db2f6d07570d1e05c""","""2026-09-03T23:00:31.696564+00:00""","{""decision_timestamp"":1788472800,""decision_status"":""closed"",""current_timestamp"":1788476400,""current_status"":""current""}","0.04933","0.04785","20.09040683","115.06323912","0.20090407","1.15063239","20.09040683","-115.06323912","false","false","false","0.20090407","0.04785","-115.06","0.0","17.71","0.0","-132.77","""STOP""","null","null","null","null","null","null"
"""VIRTUALUSD-20260903230130""","null","""2026-09-03T23:01:30.403090+00:00""","""2026-09-04T06:04:13.195154+00:00""","""VIRTUALUSD""","""LONG""","""CLOSED""","0.6977","null","null","null","null","null","null","null","null","null","0.68004606","0.73300787","0.75066181","0.78596968","5664.45790571","5664.45790571","0.0","false","3952.09","1.0","100.0","0.4","3.0","false","80","85","88","3.0","85.0","1.27","""V10""","3","55.0","""NEUTRAL""","""BULL""","80.0","20.0","72.0","79.0","87.0","66.0","false","false","{""regime"":true,""score"":true,""macro"":true,""1h"":true,""4h"":true,""1d"":true,""higher_timeframe_structure"":true,""adx_trend_strength"":true}","[""Strong 4H trend""]","""Qualified""","{""raw_score"":80,""adjusted_score"":85,""action"":""BUY"",""setup_score"":88,""trade_allowed"":true,""opportunity_status"":""ENTRY_READY"",""block_reason"":""Qualified"",""reasons"":[""Strong 4H trend""],""asset_tier"":3,""macro_score"":55.0,""macro_bias"":""NEUTRAL"",""market_regime"":""BULL"",""bull_probability"":80.0,""bear_probability"":20.0,""score_15m"":72.0,""score_1h"":79.0,""score_4h"":87.0,""score_1d"":66.0,""alignment"":false,""conflict"":false,""gate_results"":{""regime"":true,""score"":true,""macro"":true,""1h"":true,""4h"":true,""1d"":true,""higher_timeframe_structure"":true,""adx_trend_strength"":true}}","null","{""snapshot_id"":""db98552c01f24c8db2f6d07570d1e05c"",""snapshot_timestamp"":""2026-09-03T23:00:31.696564+00:00""}","""db98552c01f24c8db2f6d07570d1e05c""","""2026-09-03T23:00:31.696564+00:00""","{""decision_timestamp"":1788472800,""decision_status"":""closed"",""current_timestamp"":1788476400,""current_status"":""current""}","0.6978","0.6774","0.56644579","114.98849549","0.00566446","1.14988495","0.56644579","-114.98849549","false","false","false","0.00566446","0.6774","-114.99","0.0","15.57","0.0","-130.56","""STOP""","null","null","null","null","null","null"
"""TRACUSD-20260903230130""","null","""2026-09-03T23:01:30.911315+00:00""","""2026-09-04T13:00:11.193121+00:00""","""TRACUSD""","""LONG""","""CLOSED""","0.3418","null","null","null","null","null","null","null","null","null","0.32787597","0.36964806","0.38357209","0.41142015","5386.37161799","5386.37161799","0.0","false","1841.06","0.75","75.0","0.18","3.0","false","84","84","88","3.0","85.0","2.04","""V10""","4","55.0","""NEUTRAL""","""BULL""","80.0","20.0","70.0","86.0","92.0","63.0","false","false","{""regime"":true,""score"":true,""macro"":true,""1h"":true,""4h"":true,""1d"":true,""higher_timeframe_structure"":true,""adx_trend_strength"":true}","[""Strong 4H trend""]","""Qualified""","{""raw_score"":84,""adjusted_score"":84,""action"":""BUY"",""setup_score"":88,""trade_allowed"":true,""opportunity_status"":""ENTRY_READY"",""block_reason"":""Qualified"",""reasons"":[""Strong 4H trend""],""asset_tier"":4,""macro_score"":55.0,""macro_bias"":""NEUTRAL"",""market_regime"":""BULL"",""bull_probability"":80.0,""bear_probability"":20.0,""score_15m"":70.0,""score_1h"":86.0,""score_4h"":92.0,""score_1d"":63.0,""alignment"":false,""conflict"":false,""gate_results"":{""regime"":true,""score"":true,""macro"":true,""1h"":true,""4h"":true,""1d"":true,""higher_timeframe_structure"":true,""adx_trend_strength"":true}}","null","{""snapshot_id"":""db98552c01f24c8db2f6d07570d1e05c"",""snapshot_timestamp"":""2026-09-03T23:00:31.696564+00:00""}","""db98552c01f24c8db2f6d07570d1e05c""","""2026-09-03T23:00:31.696564+00:00""","{""decision_timestamp"":1788472800,""decision_status"":""closed"",""current_timestamp"":1788476400,""current_status"":""current""}","0.3418","0.3275","0.0","77.02511414","0.0","1.02700152","0.0","-77.02511414","false","false","false","0.0","0.3275","-77.03","0.0","7.21","0.0","-84.24","""STOP""","null","null","null","null","null","null"
"""AAVEUSD-20260903230131""","null","""2026-09-03T23:01:31.417345+00:00""","""2026-09-06T20:00:50.109591+00:00""","""AAVEUSD""","""LONG""","""CLOSED""","132.75","null","null","null","null","null","null","null","null","null","132.76","139.51469234","142.8970385","149.66173084","22.17395743","22.17395743","0.0","false","2943.59","0.75","75.0","0.29","3.0","false","84","84","86","3.0","85.0","1.27","""V10""","4","55.0","""NEUTRAL""","""BULL""","80.0","20.0","57.0","94.0","85.0","74.0","false","false","{""regime"":true,""score"":true,""macro"":true,""1h"":true,""4h"":true,""1d"":true,""higher_timeframe_structure"":true,""adx_trend_strength"":true}","[""Strong 4H trend""]","""Qualified""","{""raw_score"":84,""adjusted_score"":84,""action"":""BUY"",""setup_score"":86,""trade_allowed"":true,""opportunity_status"":""ENTRY_READY"",""block_reason"":""Qualified"",""reasons"":[""Strong 4H trend""],""asset_tier"":4,""macro_score"":55.0,""macro_bias"":""NEUTRAL"",""market_regime"":""BULL"",""bull_probability"":80.0,""bear_probability"":20.0,""score_15m"":57.0,""score_1h"":94.0,""score_4h"":85.0,""score_1d"":74.0,""alignment"":false,""conflict"":false,""gate_results"":{""regime"":true,""score"":true,""macro"":true,""1h"":true,""4h"":true,""1d"":true,""higher_timeframe_structure"":true,""adx_trend_strength"":true}}","null","{""snapshot_id"":""db98552c01f24c8db2f6d07570d1e05c"",""snapshot_timestamp"":""2026-09-03T23:00:31.696564+00:00""}","""db98552c01f24c8db2f6d07570d1e05c""","""2026-09-03T23:00:31.696564+00:00""","{""decision_timestamp"":1788472800,""decision_status"":""closed"",""current_timestamp"":1788476400,""current_status"":""current""}","138.99","129.54","138.36549436","71.17840335","1.84487326","0.94904538","138.36549436","-71.17840335","false","false","false","1.84487326","132.58","-3.77","0.0","11.77","0.0","-15.54","""STOP""","null","null","null","null","null","null"
"""INJUSD-20260904000141""","null","""2026-09-04T00:01:41.302852+00:00""","""2026-09-04T05:02:47.768641+00:00""","""INJUSD""","""LONG""","""CLOSED""","4.974","null","null","null","null","null","null","null","null","null","4.86421861","5.19356279","5.30334418","5.52290697","683.17590076","683.17590076","0.0","false","3398.12","0.75","75.0","0.34","3.0","false","68","81","86","3.0","85.0","1.1","""V10""","2","78.0","""BULL""","""BULL""","92.0","8.0","57.0","52.0","72.0","79.0","false","false","{""regime"":true,""score"":true,""macro"":true,""1h"":true,""4h"":true,""1d"":true,""higher_timeframe_structure"":true,""adx_trend_strength"":true}","[""Strong macro confirmation"",""Strong daily trend""]","""Qualified""","{""raw_score"":68,""adjusted_score"":81,""action"":""BUY"",""setup_score"":86,""trade_allowed"":true,""opportunity_status"":""ENTRY_READY"",""block_reason"":""Qualified"",""reasons"":[""Strong macro confirmation"",""Strong daily trend""],""asset_tier"":2,""macro_score"":78.0,""macro_bias"":""BULL"",""market_regime"":""BULL"",""bull_probability"":92.0,""bear_probability"":8.0,""score_15m"":57.0,""score_1h"":52.0,""score_4h"":72.0,""score_1d"":79.0,""alignment"":false,""conflict"":false,""gate_results"":{""regime"":true,""score"":true,""macro"":true,""1h"":true,""4h"":true,""1d"":true,""higher_timeframe_structure"":true,""adx_trend_strength"":true}}","null","{""snapshot_id"":""b74f40f0e461419eacea1c00e915d9a8"",""snapshot_timestamp"":""2026-09-04T00:00:47.761251+00:00""}","""b74f40f0e461419eacea1c00e915d9a8""","""2026-09-04T00:00:47.761251+00:00""","{""decision_timestamp"":1788476400,""decision_status"":""closed"",""current_timestamp"":1788480000,""current_status"":""current""}","4.987","4.849","8.88128671","85.39698759","0.11841716","1.1386265","8.88128671","-85.39698759","false","false","false","0.11841716","4.849","-85.4","0.0","13.43","0.0","-98.83","""STOP""","null","null","null","null","null","null"
"""RENDERUSD-20260904000141""","null","""2026-09-04T00:01:41.799609+00:00""","""2026-09-04T13:00:13.748281+00:00""","""RENDERUSD""","""LONG""","""CLOSED""","1.475","null","null","null","null","null","null","null","null","null","1.44674313","1.53151374","1.5597706","1.61628434","3538.96238331","3538.96238331","0.0","false","5219.97","1.0","100.0","0.52","3.0","false","72","85","85","3.0","70.0","0.96","""V10""","2","78.0","""BULL""","""BULL""","92.0","8.0","66.0","66.0","83.0","52.0","false","false","{""regime"":true,""score"":true,""macro"":true,""1h"":true,""4h"":true,""1d"":true,""higher_timeframe_structure"":true,""adx_trend_strength"":true}","[""Strong macro confirmation"",""Strong 4H trend""]","""Qualified""","{""raw_score"":72,""adjusted_score"":85,""action"":""BUY"",""setup_score"":85,""trade_allowed"":true,""opportunity_status"":""ENTRY_READY"",""block_reason"":""Qualified"",""reasons"":[""Strong macro confirmation"",""Strong 4H trend""],""asset_tier"":2,""macro_score"":78.0,""macro_bias"":""BULL"",""market_regime"":""BULL"",""bull_probability"":92.0,""bear_probability"":8.0,""score_15m"":66.0,""score_1h"":66.0,""score_4h"":83.0,""score_1d"":52.0,""alignment"":false,""conflict"":false,""gate_results"":{""regime"":true,""score"":true,""macro"":true,""1h"":true,""4h"":true,""1d"":true,""higher_timeframe_structure"":true,""adx_trend_strength"":true}}","null","{""snapshot_id"":""b74f40f0e461419eacea1c00e915d9a8"",""snapshot_timestamp"":""2026-09-04T00:00:47.761251+00:00""}","""b74f40f0e461419eacea1c00e915d9a8""","""2026-09-04T00:00:47.761251+00:00""","{""decision_timestamp"":1788476400,""decision_status"":""closed"",""current_timestamp"":1788480000,""current_status"":""current""}","1.475","1.422","0.0","187.56500632","0.0","1.87565006","0.0","-187.56500632","false","false","false","0.0","1.422","-187.57","0.0","20.5","0.0","-208.07","""STOP""","null","null","null","null","null","null"
"""OPUSD-20260904053427""","null","""2026-09-04T05:34:27.664955+00:00""","""2026-09-04T13:00:15.759405+00:00""","""OPUSD""","""LONG""","""CLOSED""","0.0999","null","null","null","null","null","null","null","null","null","0.09702936","0.10564127","0.10851191","0.11425318","26126.57804531","26126.57804531","0.0","false","2610.05","0.75","75.0","0.26","3.0","false","75","80","87","3.0","85.0","1.44","""V10""","4","78.0","""BULL""","""BULL""","93.0","7.0","76.0","68.0","84.0","59.0","false","false","{""regime"":true,""score"":true,""macro"":true,""1h"":true,""4h"":true,""1d"":true,""higher_timeframe_structure"":true,""adx_trend_strength"":true}","[""Strong macro confirmation"",""Strong 4H trend""]","""Qualified""","{""raw_score"":75,""adjusted_score"":80,""action"":""BUY"",""setup_score"":87,""trade_allowed"":true,""opportunity_status"":""ENTRY_READY"",""block_reason"":""Qualified"",""reasons"":[""Strong macro confirmation"",""Strong 4H trend""],""asset_tier"":4,""macro_score"":78.0,""macro_bias"":""BULL"",""market_regime"":""BULL"",""bull_probability"":93.0,""bear_probability"":7.0,""score_15m"":76.0,""score_1h"":68.0,""score_4h"":84.0,""score_1d"":59.0,""alignment"":false,""conflict"":false,""gate_results"":{""regime"":true,""score"":true,""macro"":true,""1h"":true,""4h"":true,""1d"":true,""higher_timeframe_structure"":true,""adx_trend_strength"":true}}","null","{""snapshot_id"":""a3bdd1ba62204768acb4df5dacf8e596"",""snapshot_timestamp"":""2026-09-04T05:33:40.935445+00:00""}","""a3bdd1ba62204768acb4df5dacf8e596""","""2026-09-04T05:33:40.935445+00:00""","{""decision_timestamp"":1788494400,""decision_status"":""closed"",""current_timestamp"":1788498000,""current_status"":""current""}","0.1004","0.0965","13.06328902","88.83036535","0.17417719","1.18440487","13.06328902","-88.83036535","false","false","false","0.17417719","0.0965","-88.83","0.0","10.26","0.0","-99.09","""STOP""","null","null","null","null","null","null"
"""JUPUSD-20260904110458""","null","""2026-09-04T11:04:58.065563+00:00""","""2026-09-04T13:00:18.815868+00:00""","""JUPUSD""","""LONG""","""CLOSED""","0.2211","null","null","null","null","null","null","null","null","null","0.2150035","0.23329299","0.23938949","0.25158248","12302.14057246","12302.14057246","0.0","false","2720.0","0.75","75.0","0.27","3.0","false","72","82","87","3.0","85.0","1.38","""V10""","3","78.0","""BULL""","""BULL""","93.0","7.0","58.0","50.0","84.0","72.0","false","false","{""regime"":true,""score"":true,""macro"":true,""1h"":true,""4h"":true,""1d"":true,""higher_timeframe_structure"":true,""adx_trend_strength"":true}","[""Strong macro confirmation"",""Strong 4H trend""]","""Qualified""","{""raw_score"":72,""adjusted_score"":82,""action"":""BUY"",""setup_score"":87,""trade_allowed"":true,""opportunity_status"":""ENTRY_READY"",""block_reason"":""Qualified"",""reasons"":[""Strong macro confirmation"",""Strong 4H trend""],""asset_tier"":3,""macro_score"":78.0,""macro_bias"":""BULL"",""market_regime"":""BULL"",""bull_probability"":93.0,""bear_probability"":7.0,""score_15m"":58.0,""score_1h"":50.0,""score_4h"":84.0,""score_1d"":72.0,""alignment"":false,""conflict"":false,""gate_results"":{""regime"":true,""score"":true,""macro"":true,""1h"":true,""4h"":true,""1d"":true,""higher_timeframe_structure"":true,""adx_trend_strength"":true}}","null","{""snapshot_id"":""8ac6d5233d2b4f8eb4f3d7d2227dbdc9"",""snapshot_timestamp"":""2026-09-04T11:04:07.505013+00:00""}","""8ac6d5233d2b4f8eb4f3d7d2227dbdc9""","""2026-09-04T11:04:07.505013+00:00""","{""decision_timestamp"":1788516000,""decision_status"":""closed"",""current_timestamp"":1788519600,""current_status"":""current""}","0.22123","0.21495","1.59927827","75.65816452","0.02132371","1.00877553","1.59927827","-75.65816452","false","false","false","0.02132371","0.21495","-75.66","0.0","10.73","0.0","-86.39","""STOP""","null","null","null","null","null","null"
"""FLOKIUSD-20260904130118""","null","""2026-09-04T13:01:18.984987+00:00""","""2026-09-04T18:00:54.816549+00:00""","""FLOKIUSD""","""LONG""","""CLOSED""","2.581e-05","null","null","null","null","null","null","null","null","null","2.485e-05","2.773e-05","2.869e-05","3.062e-05","104166666.66666692","104166666.66666692","0.0","false","2688.54","1.0","100.0","0.27","3.0","false","80","85","89","3.0","85.0","1.86","""V10""","4","78.0","""BULL""","""BULL""","93.0","7.0","57.0","81.0","95.0","46.0","false","false","{""regime"":true,""score"":true,""macro"":true,""1h"":true,""4h"":true,""1d"":true,""higher_timeframe_structure"":true,""adx_trend_strength"":true}","[""Strong macro confirmation"",""Strong 4H trend""]","""Qualified""","{""raw_score"":80,""adjusted_score"":85,""action"":""BUY"",""setup_score"":89,""trade_allowed"":true,""opportunity_status"":""ENTRY_READY"",""block_reason"":""Qualified"",""reasons"":[""Strong macro confirmation"",""Strong 4H trend""],""asset_tier"":4,""macro_score"":78.0,""macro_bias"":""BULL"",""market_regime"":""BULL"",""bull_probability"":93.0,""bear_probability"":7.0,""score_15m"":57.0,""score_1h"":81.0,""score_4h"":95.0,""score_1d"":46.0,""alignment"":false,""conflict"":false,""gate_results"":{""regime"":true,""score"":true,""macro"":true,""1h"":true,""4h"":true,""1d"":true,""higher_timeframe_structure"":true,""adx_trend_strength"":true}}","null","{""snapshot_id"":""6804abae2c044e1e819b3d8d3a901d4e"",""snapshot_timestamp"":""2026-09-04T13:00:19.356297+00:00""}","""6804abae2c044e1e819b3d8d3a901d4e""","""2026-09-04T13:00:19.356297+00:00""","{""decision_timestamp"":1788523200,""decision_status"":""closed"",""current_timestamp"":1788526800,""current_status"":""current""}","2.581e-05","2.473e-05","0.0","112.5","0.0","1.125","0.0","-112.5","false","false","false","0.0","2.473e-05","-112.5","0.0","10.53","0.0","-123.03","""STOP""","null","null","null","null","null","null"
"""AVAXUSD-20260904130119""","null","""2026-09-04T13:01:19.536058+00:00""","""2026-09-06T04:04:55.039881+00:00""","""AVAXUSD""","""LONG""","""CLOSED""","7.355","null","null","null","null","null","null","null","null","null","7.60636258","7.58827484","7.70491226","7.9381871","857.35778449","857.35778449","0.0","true","6305.87","1.0","100.0","0.63","3.0","false","72","85","85","3.0","70.0","0.79","""V10""","2","78.0","""BULL""","""BULL""","93.0","7.0","53.0","67.0","84.0","51.0","false","false","{""regime"":true,""score"":true,""macro"":true,""1h"":true,""4h"":true,""1d"":true,""higher_timeframe_structure"":true,""adx_trend_strength"":true}","[""Strong macro confirmation"",""Strong 4H trend""]","""Qualified""","{""raw_score"":72,""adjusted_score"":85,""action"":""BUY"",""setup_score"":85,""trade_allowed"":true,""opportunity_status"":""ENTRY_READY"",""block_reason"":""Qualified"",""reasons"":[""Strong macro confirmation"",""Strong 4H trend""],""asset_tier"":2,""macro_score"":78.0,""macro_bias"":""BULL"",""market_regime"":""BULL"",""bull_probability"":93.0,""bear_probability"":7.0,""score_15m"":53.0,""score_1h"":67.0,""score_4h"":84.0,""score_1d"":51.0,""alignment"":false,""conflict"":false,""gate_results"":{""regime"":true,""score"":true,""macro"":true,""1h"":true,""4h"":true,""1d"":true,""higher_timeframe_structure"":true,""adx_trend_strength"":true}}","null","{""snapshot_id"":""6804abae2c044e1e819b3d8d3a901d4e"",""snapshot_timestamp"":""2026-09-04T13:00:19.356297+00:00""}","""6804abae2c044e1e819b3d8d3a901d4e""","""2026-09-04T13:00:19.356297+00:00""","{""decision_timestamp"":1788523200,""decision_status"":""closed"",""current_timestamp"":1788526800,""current_status"":""current""}","7.723","7.334","315.50766469","18.00451347","3.15507665","0.18004513","315.50766469","-18.00451347","true","true","false","3.15507665","7.723","273.06","115.31","25.77","6.54","247.29","""TP2""","null","null","null","null","null","null"
"""VVVUSD-20260904180205""","null","""2026-09-04T18:02:05.982571+00:00""","""2026-09-05T15:00:45.326922+00:00""","""VVVUSD""","""LONG""","""CLOSED""","17.474","null","null","null","null","null","null","null","null","null","17.475","18.51931624","19.04197437","20.08729061","143.49724443","143.49724443","0.0","false","2507.47","0.75","75.0","0.25","3.0","false","72","82","88","3.0","85.0","1.5","""V10""","3","78.0","""BULL""","""BULL""","93.0","7.0","70.0","79.0","80.0","46.0","false","false","{""regime"":true,""score"":true,""macro"":true,""1h"":true,""4h"":true,""1d"":true,""higher_timeframe_structure"":true,""adx_trend_strength"":true}","[""Strong macro confirmation"",""Strong 4H trend""]","""Qualified""","{""raw_score"":72,""adjusted_score"":82,""action"":""BUY"",""setup_score"":88,""trade_allowed"":true,""opportunity_status"":""ENTRY_READY"",""block_reason"":""Qualified"",""reasons"":[""Strong macro confirmation"",""Strong 4H trend""],""asset_tier"":3,""macro_score"":78.0,""macro_bias"":""BULL"",""market_regime"":""BULL"",""bull_probability"":93.0,""bear_probability"":7.0,""score_15m"":70.0,""score_1h"":79.0,""score_4h"":80.0,""score_1d"":46.0,""alignment"":false,""conflict"":false,""gate_results"":{""regime"":true,""score"":true,""macro"":true,""1h"":true,""4h"":true,""1d"":true,""higher_timeframe_structure"":true,""adx_trend_strength"":true}}","null","{""snapshot_id"":""f7c38415d95b4deb8abecc353139effd"",""snapshot_timestamp"":""2026-09-04T18:00:57.713361+00:00""}","""f7c38415d95b4deb8abecc353139effd""","""2026-09-04T18:00:57.713361+00:00""","{""decision_timestamp"":1788541200,""decision_status"":""closed"",""current_timestamp"":1788544800,""current_status"":""current""}","18.205","17.365","104.89648568","15.64119964","1.39861981","0.20854933","104.89648568","-15.64119964","false","false","false","1.39861981","17.44","-4.88","0.0","10.02","0.0","-14.9","""STOP""","null","null","null","null","null","null"
"""ONDOUSD-20260904200312""","null","""2026-09-04T20:03:12.687129+00:00""","""2026-09-07T00:01:21.158381+00:00""","""ONDOUSD""","""LONG""","""CLOSED""","0.35891","null","null","null","null","null","null","null","null","null","0.37787051","0.37722897","0.38638846","0.40470743","13647.04803433","13647.04803433","0.0","true","4898.06","1.25","125.0","0.49","3.0","false","77","90","94","3.0","85.0","1.28","""V10""","2","78.0","""BULL""","""BULL""","93.0","7.0","89.0","69.0","86.0","63.0","false","false","{""regime"":true,""score"":true,""macro"":true,""1h"":true,""4h"":true,""1d"":true,""higher_timeframe_structure"":true,""adx_trend_strength"":true}","[""Strong macro confirmation"",""Strong 4H trend""]","""Qualified""","{""raw_score"":77,""adjusted_score"":90,""action"":""STRONG BUY"",""setup_score"":94,""trade_allowed"":true,""opportunity_status"":""ENTRY_READY"",""block_reason"":""Qualified"",""reasons"":[""Strong macro confirmation"",""Strong 4H trend""],""asset_tier"":2,""macro_score"":78.0,""macro_bias"":""BULL"",""market_regime"":""BULL"",""bull_probability"":93.0,""bear_probability"":7.0,""score_15m"":89.0,""score_1h"":69.0,""score_4h"":86.0,""score_1d"":63.0,""alignment"":false,""conflict"":false,""gate_results"":{""regime"":true,""score"":true,""macro"":true,""1h"":true,""4h"":true,""1d"":true,""higher_timeframe_structure"":true,""adx_trend_strength"":true}}","null","{""snapshot_id"":""f59ded4adc7a4f2392100515eae7e076"",""snapshot_timestamp"":""2026-09-04T20:02:08.894374+00:00""}","""f59ded4adc7a4f2392100515eae7e076""","""2026-09-04T20:02:08.894374+00:00""","{""decision_timestamp"":1788548400,""decision_status"":""closed"",""current_timestamp"":1788552000,""current_status"":""current""}","0.38703","0.35525","383.75499073","49.94819581","3.07003993","0.39958557","383.75499073","-49.94819581","true","true","false","3.07003993","0.38703","323.51","131.63","20.24","5.16","303.27","""TP2""","null","null","null","null","null","null"
"""ORCAUSD-20260905010747""","null","""2026-09-05T01:07:47.483375+00:00""","""2026-09-06T03:00:21.650918+00:00""","""ORCAUSD""","""LONG""","""CLOSED""","1.264","null","null","null","null","null","null","null","null","null","1.29822142","1.29555716","1.31133574","1.3428929","6337.70592791","6337.70592791","0.0","true","8010.86","1.0","100.0","0.8","3.0","false","87","88","86","3.0","70.0","0.62","""V10""","3","50.0","""BEAR""","""BULL""","78.0","22.0","92.0","100.0","88.0","66.0","false","false","{""regime"":true,""score"":true,""macro"":true,""1h"":true,""4h"":true,""1d"":true,""higher_timeframe_structure"":true,""adx_trend_strength"":true}","[""Weak macro penalty"",""Strong 4H trend""]","""Qualified""","{""raw_score"":87,""adjusted_score"":88,""action"":""BUY"",""setup_score"":86,""trade_allowed"":true,""opportunity_status"":""ENTRY_READY"",""block_reason"":""Qualified"",""reasons"":[""Weak macro penalty"",""Strong 4H trend""],""asset_tier"":3,""macro_score"":50.0,""macro_bias"":""BEAR"",""market_regime"":""BULL"",""bull_probability"":78.0,""bear_probability"":22.0,""score_15m"":92.0,""score_1h"":100.0,""score_4h"":88.0,""score_1d"":66.0,""alignment"":false,""conflict"":false,""gate_results"":{""regime"":true,""score"":true,""macro"":true,""1h"":true,""4h"":true,""1d"":true,""higher_timeframe_structure"":true,""adx_trend_strength"":true}}","null","{""snapshot_id"":""f3a79fad239a4e879964cf55011295fa"",""snapshot_timestamp"":""2026-09-05T01:06:49.781158+00:00""}","""f3a79fad239a4e879964cf55011295fa""","""2026-09-05T01:06:49.781158+00:00""","{""decision_timestamp"":1788566400,""decision_status"":""closed"",""current_timestamp"":1788570000,""current_status"":""current""}","1.314","1.262","316.8852964","12.67541186","3.16885296","0.12675412","316.8852964","-12.67541186","true","true","false","3.16885296","1.314","282.03","123.59","32.61","8.26","249.42","""TP2""","null","null","null","null","null","null"
"""TAOUSD-20260905060159""","null","""2026-09-05T06:01:59.590411+00:00""","""2026-09-05T19:05:51.282001+00:00""","""TAOUSD""","""LONG""","""CLOSED""","227.2202","null","null","null","null","null","null","null","null","null","234.19968512","238.53362975","244.19034463","255.50377438","13.2585788","13.2585788","0.0","true","3012.62","0.75","75.0","0.3","3.0","false","85","81","86","3.0","85.0","1.24","""V10""","4","50.0","""BEAR""","""BULL""","79.0","21.0","85.0","82.0","98.0","54.0","false","false","{""regime"":true,""score"":true,""macro"":true,""1h"":true,""4h"":true,""1d"":true,""higher_timeframe_structure"":true,""adx_trend_strength"":true}","[""Weak macro penalty"",""Strong 4H trend""]","""Qualified""","{""raw_score"":85,""adjusted_score"":81,""action"":""BUY"",""setup_score"":86,""trade_allowed"":true,""opportunity_status"":""ENTRY_READY"",""block_reason"":""Qualified"",""reasons"":[""Weak macro penalty"",""Strong 4H trend""],""asset_tier"":4,""macro_score"":50.0,""macro_bias"":""BEAR"",""market_regime"":""BULL"",""bull_probability"":79.0,""bear_probability"":21.0,""score_15m"":85.0,""score_1h"":82.0,""score_4h"":98.0,""score_1d"":54.0,""alignment"":false,""conflict"":false,""gate_results"":{""regime"":true,""score"":true,""macro"":true,""1h"":true,""4h"":true,""1d"":true,""higher_timeframe_structure"":true,""adx_trend_strength"":true}}","null","{""snapshot_id"":""be53cfb7045a4cbb9af97c867e1ab51a"",""snapshot_timestamp"":""2026-09-05T06:00:56.901369+00:00""}","""be53cfb7045a4cbb9af97c867e1ab51a""","""2026-09-05T06:00:56.901369+00:00""","{""decision_timestamp"":1788584400,""decision_status"":""closed"",""current_timestamp"":1788588000,""current_status"":""current""}","239.8564","227.2202","167.53805343","0.0","2.23384071","0.0","167.53805343","-0.0","true","false","false","2.23384071","233.2848","123.97","83.77","12.3","3.18","111.67","""STOP""","null","null","null","null","null","null"
"""LINKUSD-20260905080149""","null","""2026-09-05T08:01:49.463553+00:00""","""2026-09-06T02:00:42.717023+00:00""","""LINKUSD""","""LONG""","""CLOSED""","11.74393","null","null","null","null","null","null","null","null","null","12.1760692","12.11573158","12.30163238","12.67343396","403.44099667","403.44099667","0.0","true","4737.98","0.75","75.0","0.47","3.0","false","79","80","80","3.0","70.0","0.79","""V10""","2","50.0","""BEAR""","""BULL""","79.0","21.0","88.0","93.0","84.0","46.0","false","true","{""regime"":true,""score"":true,""macro"":true,""1h"":true,""4h"":true,""1d"":true,""higher_timeframe_structure"":true,""adx_trend_strength"":true}","[""Weak macro penalty"",""Timeframe conflict penalty"",""Strong 4H trend""]","""Qualified""","{""raw_score"":79,""adjusted_score"":80,""action"":""BUY"",""setup_score"":80,""trade_allowed"":true,""opportunity_status"":""ENTRY_READY"",""block_reason"":""Qualified"",""reasons"":[""Weak macro penalty"",""Timeframe conflict penalty"",""Strong 4H trend""],""asset_tier"":2,""macro_score"":50.0,""macro_bias"":""BEAR"",""market_regime"":""BULL"",""bull_probability"":79.0,""bear_probability"":21.0,""score_15m"":88.0,""score_1h"":93.0,""score_4h"":84.0,""score_1d"":46.0,""alignment"":false,""conflict"":true,""gate_results"":{""regime"":true,""score"":true,""macro"":true,""1h"":true,""4h"":true,""1d"":true,""higher_timeframe_structure"":true,""adx_trend_strength"":true}}","null","{""snapshot_id"":""65a336be04ef47ec94526f6b0c1e59e9"",""snapshot_timestamp"":""2026-09-05T08:00:51.405364+00:00""}","""65a336be04ef47ec94526f6b0c1e59e9""","""2026-09-05T08:00:51.405364+00:00""","{""decision_timestamp"":1788591600,""decision_status"":""closed"",""current_timestamp"":1788595200,""current_status"":""current""}","12.36197","11.72951","249.34267358","5.81761917","3.32456898","0.07756826","249.34267358","-5.81761917","true","true","false","3.32456898","12.36197","204.91","80.24","19.37","4.9","185.54","""TP2""","null","null","null","null","null","null"
"""XBTUSD-20260905080151""","null","""2026-09-05T08:01:51.562558+00:00""","""2026-09-07T04:05:47.693055+00:00""","""XBTUSD""","""LONG""","""CLOSED""","79690.5","null","null","null","null","null","null","null","null","null","79690.6","80924.31636211","81541.22454317","82775.04090529","0.12157401","0.12157401","0.0","false","9688.29","0.75","75.0","0.97","3.0","false","74","80","76","3.0","60.0","0.39","""V10""","1","50.0","""BEAR""","""BULL""","79.0","21.0","50.0","86.0","79.0","50.0","false","false","{""regime"":true,""score"":true,""macro"":true,""1h"":true,""4h"":true,""1d"":true,""higher_timeframe_structure"":true,""adx_trend_strength"":true}","[""Weak macro penalty"",""Strong 4H trend""]","""Qualified""","{""raw_score"":74,""adjusted_score"":80,""action"":""BUY"",""setup_score"":76,""trade_allowed"":true,""opportunity_status"":""ENTRY_READY"",""block_reason"":""Qualified"",""reasons"":[""Weak macro penalty"",""Strong 4H trend""],""asset_tier"":1,""macro_score"":50.0,""macro_bias"":""BEAR"",""market_regime"":""BULL"",""bull_probability"":79.0,""bear_probability"":21.0,""score_15m"":50.0,""score_1h"":86.0,""score_4h"":79.0,""score_1d"":50.0,""alignment"":false,""conflict"":false,""gate_results"":{""regime"":true,""score"":true,""macro"":true,""1h"":true,""4h"":true,""1d"":true,""higher_timeframe_structure"":true,""adx_trend_strength"":true}}","null","{""snapshot_id"":""65a336be04ef47ec94526f6b0c1e59e9"",""snapshot_timestamp"":""2026-09-05T08:00:51.405364+00:00""}","""65a336be04ef47ec94526f6b0c1e59e9""","""2026-09-05T08:00:51.405364+00:00""","{""decision_timestamp"":1788591600,""decision_status"":""closed"",""current_timestamp"":1788595200,""current_status"":""current""}","80334.3","79546.6","78.26934764","17.49450004","1.0435913","0.23326","78.26934764","-17.49450004","false","false","false","1.0435913","79581.9","-13.2","0.0","38.73","0.0","-51.93","""STOP""","null","null","null","null","null","null"
"""JUPUSD-20260905090341""","null","""2026-09-05T09:03:41.090589+00:00""","""2026-09-06T04:04:59.725054+00:00""","""JUPUSD""","""LONG""","""CLOSED""","0.21855","null","null","null","null","null","null","null","null","null","0.229229","0.227492","0.231963","0.240905","27957.95124133","27957.95124133","0.0","false","6110.21","1.25","125.0","0.61","3.0","false","77","93","96","3.0","85.0","1.02","""V10""","3","50.0","""BEAR""","""BULL""","79.0","21.0","90.0","74.0","75.0","81.0","true","false","{""regime"":true,""score"":true,""macro"":true,""1h"":true,""4h"":true,""1d"":true,""higher_timeframe_structure"":true,""adx_trend_strength"":true}","[""Weak macro penalty"",""Full timeframe alignment"",""Strong daily trend"",""Strong 4H trend""]","""Qualified""","{""raw_score"":77,""adjusted_score"":93,""action"":""STRONG BUY"",""setup_score"":96,""trade_allowed"":true,""opportunity_status"":""ENTRY_READY"",""block_reason"":""Qualified"",""reasons"":[""Weak macro penalty"",""Full timeframe alignment"",""Strong daily trend"",""Strong 4H trend""],""asset_tier"":3,""macro_score"":50.0,""macro_bias"":""BEAR"",""market_regime"":""BULL"",""bull_probability"":79.0,""bear_probability"":21.0,""score_15m"":90.0,""score_1h"":74.0,""score_4h"":75.0,""score_1d"":81.0,""alignment"":true,""conflict"":false,""gate_results"":{""regime"":true,""score"":true,""macro"":true,""1h"":true,""4h"":true,""1d"":true,""higher_timeframe_structure"":true,""adx_trend_strength"":true}}","null","{""snapshot_id"":""96e8675f7e014528918fcb7dd4ff0520"",""snapshot_timestamp"":""2026-09-05T09:02:47.159012+00:00""}","""96e8675f7e014528918fcb7dd4ff0520""","""2026-09-05T09:02:47.159012+00:00""","{""decision_timestamp"":1788595200,""decision_status"":""closed"",""current_timestamp"":1788598800,""current_status"":""current""}","0.2337","0.21855","423.56296131","0.0","3.38850369","0.0","423.56296131","-0.0","true","true","false","3.38850369","0.2337","423.56","0.0","25.29","0.0","398.27","""TP2""","null","null","null","null","null","null"
"""WIFUSD-20260905150146""","null","""2026-09-05T15:01:46.965193+00:00""","""2026-09-07T16:02:21.560893+00:00""","""WIFUSD""","""LONG""","""CLOSED""","0.215","null","null","null","null","null","null","null","null","null","0.2151","0.22618674","0.23178011","0.24296685","13408.73212393","13408.73212393","0.0","false","2882.88","0.75","75.0","0.29","3.0","false","76","82","90","3.0","85.0","1.3","""V10""","4","50.0","""BEAR""","""BULL""","78.0","22.0","70.0","78.0","77.0","72.0","true","false","{""regime"":true,""score"":true,""macro"":true,""1h"":true,""4h"":true,""1d"":true,""higher_timeframe_structure"":true,""adx_trend_strength"":true}","[""Weak macro penalty"",""Full timeframe alignment"",""Strong 4H trend""]","""Qualified""","{""raw_score"":76,""adjusted_score"":82,""action"":""BUY"",""setup_score"":90,""trade_allowed"":true,""opportunity_status"":""ENTRY_READY"",""block_reason"":""Qualified"",""reasons"":[""Weak macro penalty"",""Full timeframe alignment"",""Strong 4H trend""],""asset_tier"":4,""macro_score"":50.0,""macro_bias"":""BEAR"",""market_regime"":""BULL"",""bull_probability"":78.0,""bear_probability"":22.0,""score_15m"":70.0,""score_1h"":78.0,""score_4h"":77.0,""score_1d"":72.0,""alignment"":true,""conflict"":false,""gate_results"":{""regime"":true,""score"":true,""macro"":true,""1h"":true,""4h"":true,""1d"":true,""higher_timeframe_structure"":true,""adx_trend_strength"":true}}","null","{""snapshot_id"":""f194c01ad2fb4c33a5e4c880c78d184e"",""snapshot_timestamp"":""2026-09-05T15:00:51.710648+00:00""}","""f194c01ad2fb4c33a5e4c880c78d184e""","""2026-09-05T15:00:51.710648+00:00""","{""decision_timestamp"":1788616800,""decision_status"":""closed"",""current_timestamp"":1788620400,""current_status"":""current""}","0.2248","0.2101","131.40557481","65.70278741","1.75207433","0.87603717","131.40557481","-65.70278741","false","false","false","1.75207433","0.2129","-28.16","0.0","11.48","0.0","-39.64","""STOP""","null","null","null","null","null","null"
"""ETHUSD-20260905160603""","null","""2026-09-05T16:06:03.117167+00:00""","""2026-09-06T14:05:00.137191+00:00""","""ETHUSD""","""LONG""","""CLOSED""","2460.73","null","null","null","null","null","null","null","null","null","2495.21805133","2496.99389733","2515.125846","2551.38974333","4.13634526","4.13634526","0.0","true","10178.43","0.75","75.0","1.02","3.0","false","75","81","78","3.0","60.0","0.37","""V10""","1","50.0","""BEAR""","""BULL""","79.0","21.0","72.0","86.0","79.0","50.0","false","false","{""regime"":true,""score"":true,""macro"":true,""1h"":true,""4h"":true,""1d"":true,""higher_timeframe_structure"":true,""adx_trend_strength"":true}","[""Weak macro penalty"",""Strong 4H trend""]","""Qualified""","{""raw_score"":75,""adjusted_score"":81,""action"":""BUY"",""setup_score"":78,""trade_allowed"":true,""opportunity_status"":""ENTRY_READY"",""block_reason"":""Qualified"",""reasons"":[""Weak macro penalty"",""Strong 4H trend""],""asset_tier"":1,""macro_score"":50.0,""macro_bias"":""BEAR"",""market_regime"":""BULL"",""bull_probability"":79.0,""bear_probability"":21.0,""score_15m"":72.0,""score_1h"":86.0,""score_4h"":79.0,""score_1d"":50.0,""alignment"":false,""conflict"":false,""gate_results"":{""regime"":true,""score"":true,""macro"":true,""1h"":true,""4h"":true,""1d"":true,""higher_timeframe_structure"":true,""adx_trend_strength"":true}}","null","{""snapshot_id"":""18bc263e7a964f2396b97f084ac96132"",""snapshot_timestamp"":""2026-09-05T16:05:08.065650+00:00""}","""18bc263e7a964f2396b97f084ac96132""","""2026-09-05T16:05:08.065650+00:00""","{""decision_timestamp"":1788620400,""decision_status"":""closed"",""current_timestamp"":1788624000,""current_status"":""current""}","2513.35","2460.1","217.65448758","2.60589751","2.90205983","0.0347453","217.65448758","-2.60589751","true","false","false","2.90205983","2494.51","162.33","92.47","41.04","10.36","121.29","""STOP""","null","null","null","null","null","null"
"""OPUSD-20260906000416""","null","""2026-09-06T00:04:16.321532+00:00""","""2026-09-06T15:06:33.656488+00:00""","""OPUSD""","""LONG""","""CLOSED""","0.1084","null","null","null","null","null","null","null","null","null","0.1085","0.11648135","0.12052203","0.12860338","18561.23226784","18561.23226784","0.0","false","2012.04","0.75","75.0","0.2","3.0","false","80","81","86","3.0","85.0","1.86","""V10""","4","52.0","""BEAR""","""BULL""","80.0","20.0","64.0","84.0","80.0","78.0","false","false","{""regime"":true,""score"":true,""macro"":true,""1h"":true,""4h"":true,""1d"":true,""higher_timeframe_structure"":true,""adx_trend_strength"":true}","[""Weak macro penalty"",""Strong daily trend"",""Strong 4H trend""]","""Qualified""","{""raw_score"":80,""adjusted_score"":81,""action"":""BUY"",""setup_score"":86,""trade_allowed"":true,""opportunity_status"":""ENTRY_READY"",""block_reason"":""Qualified"",""reasons"":[""Weak macro penalty"",""Strong daily trend"",""Strong 4H trend""],""asset_tier"":4,""macro_score"":52.0,""macro_bias"":""BEAR"",""market_regime"":""BULL"",""bull_probability"":80.0,""bear_probability"":20.0,""score_15m"":64.0,""score_1h"":84.0,""score_4h"":80.0,""score_1d"":78.0,""alignment"":false,""conflict"":false,""gate_results"":{""regime"":true,""score"":true,""macro"":true,""1h"":true,""4h"":true,""1d"":true,""higher_timeframe_structure"":true,""adx_trend_strength"":true}}","null","{""snapshot_id"":""1088612e0d72475e8201d5d1c1174e65"",""snapshot_timestamp"":""2026-09-06T00:03:20.401802+00:00""}","""1088612e0d72475e8201d5d1c1174e65""","""2026-09-06T00:03:20.401802+00:00""","{""decision_timestamp"":1788649200,""decision_status"":""closed"",""current_timestamp"":1788652800,""current_status"":""current""}","0.1127","0.1076","79.81329875","14.84898581","1.06417732","0.19798648","79.81329875","-14.84898581","false","false","false","1.06417732","0.1082","-3.71","0.0","8.04","0.0","-11.75","""STOP""","null","null","null","null","null","null"
"""LINKUSD-20260906020145""","null","""2026-09-06T02:01:45.683103+00:00""","""2026-09-06T05:03:38.949019+00:00""","""LINKUSD""","""LONG""","""CLOSED""","12.40713","null","null","null","null","null","null","null","null","null","12.18831744","12.84475512","13.06356768","13.5011928","342.75911767","342.75911767","0.0","false","4252.66","0.75","75.0","0.43","3.0","false","76","80","80","3.0","70.0","0.88","""V10""","2","52.0","""BEAR""","""BULL""","80.0","20.0","90.0","82.0","77.0","61.0","false","false","{""regime"":true,""score"":true,""macro"":true,""1h"":true,""4h"":true,""1d"":true,""higher_timeframe_structure"":true,""adx_trend_strength"":true}","[""Weak macro penalty"",""Strong 4H trend""]","""Qualified""","{""raw_score"":76,""adjusted_score"":80,""action"":""BUY"",""setup_score"":80,""trade_allowed"":true,""opportunity_status"":""ENTRY_READY"",""block_reason"":""Qualified"",""reasons"":[""Weak macro penalty"",""Strong 4H trend""],""asset_tier"":2,""macro_score"":52.0,""macro_bias"":""BEAR"",""market_regime"":""BULL"",""bull_probability"":80.0,""bear_probability"":20.0,""score_15m"":90.0,""score_1h"":82.0,""score_4h"":77.0,""score_1d"":61.0,""alignment"":false,""conflict"":false,""gate_results"":{""regime"":true,""score"":true,""macro"":true,""1h"":true,""4h"":true,""1d"":true,""higher_timeframe_structure"":true,""adx_trend_strength"":true}}","null","{""snapshot_id"":""5a24effb2ddc47ce9a4b79f68fff7b09"",""snapshot_timestamp"":""2026-09-06T02:00:48.190520+00:00""}","""5a24effb2ddc47ce9a4b79f68fff7b09""","""2026-09-06T02:00:48.190520+00:00""","{""decision_timestamp"":1788656400,""decision_status"":""closed"",""current_timestamp"":1788660000,""current_status"":""current""}","12.40713","12.15466","0.0","86.53639444","0.0","1.15381859","0.0","-86.53639444","false","false","false","0.0","12.15466","-86.54","0.0","16.84","0.0","-103.38","""STOP""","null","null","null","null","null","null"
"""ORCAUSD-20260906030125""","null","""2026-09-06T03:01:25.874412+00:00""","""2026-09-06T04:05:04.717790+00:00""","""ORCAUSD""","""LONG""","""CLOSED""","1.314","null","null","null","null","null","null","null","null","null","1.3718017","1.34039659","1.35359489","1.37999148","5682.55002538","5682.55002538","0.0","false","7466.87","0.75","75.0","0.75","3.0","false","80","81","81","3.0","70.0","0.5","""V10""","3","52.0","""BEAR""","""BULL""","80.0","20.0","83.0","74.0","87.0","69.0","false","false","{""regime"":true,""score"":true,""macro"":true,""1h"":true,""4h"":true,""1d"":true,""higher_timeframe_structure"":true,""adx_trend_strength"":true}","[""Weak macro penalty"",""Strong 4H trend""]","""Qualified""","{""raw_score"":80,""adjusted_score"":81,""action"":""BUY"",""setup_score"":81,""trade_allowed"":true,""opportunity_status"":""ENTRY_READY"",""block_reason"":""Qualified"",""reasons"":[""Weak macro penalty"",""Strong 4H trend""],""asset_tier"":3,""macro_score"":52.0,""macro_bias"":""BEAR"",""market_regime"":""BULL"",""bull_probability"":80.0,""bear_probability"":20.0,""score_15m"":83.0,""score_1h"":74.0,""score_4h"":87.0,""score_1d"":69.0,""alignment"":false,""conflict"":false,""gate_results"":{""regime"":true,""score"":true,""macro"":true,""1h"":true,""4h"":true,""1d"":true,""higher_timeframe_structure"":true,""adx_trend_strength"":true}}","null","{""snapshot_id"":""3a13c2ab490d4f4b83b7d1a9c223ec18"",""snapshot_timestamp"":""2026-09-06T03:00:27.614597+00:00""}","""3a13c2ab490d4f4b83b7d1a9c223ec18""","""2026-09-06T03:00:27.614597+00:00""","{""decision_timestamp"":1788660000,""decision_status"":""closed"",""current_timestamp"":1788663600,""current_status"":""current""}","1.385","1.314","403.4610518","0.0","5.37948069","0.0","403.4610518","-0.0","true","true","true","5.37948069","1.385","403.46","0.0","30.67","0.0","372.79","""TP3""","null","null","null","null","null","null"
"""JUPUSD-20260906040603""","null","""2026-09-06T04:06:03.369130+00:00""","""2026-09-06T10:02:11.262470+00:00""","""JUPUSD""","""LONG""","""CLOSED""","0.23382","null","null","null","null","null","null","null","null","null","0.24619987","0.24612026","0.25227039","0.26457065","20324.77362267","20324.77362267","0.0","false","4752.34","1.25","125.0","0.48","3.0","false","87","93","95","3.0","85.0","1.32","""V10""","3","52.0","""BEAR""","""BULL""","79.0","21.0","66.0","82.0","95.0","78.0","false","false","{""regime"":true,""score"":true,""macro"":true,""1h"":true,""4h"":true,""1d"":true,""higher_timeframe_structure"":true,""adx_trend_strength"":true}","[""Weak macro penalty"",""Strong daily trend"",""Strong 4H trend""]","""Qualified""","{""raw_score"":87,""adjusted_score"":93,""action"":""STRONG BUY"",""setup_score"":95,""trade_allowed"":true,""opportunity_status"":""ENTRY_READY"",""block_reason"":""Qualified"",""reasons"":[""Weak macro penalty"",""Strong daily trend"",""Strong 4H trend""],""asset_tier"":3,""macro_score"":52.0,""macro_bias"":""BEAR"",""market_regime"":""BULL"",""bull_probability"":79.0,""bear_probability"":21.0,""score_15m"":66.0,""score_1h"":82.0,""score_4h"":95.0,""score_1d"":78.0,""alignment"":false,""conflict"":false,""gate_results"":{""regime"":true,""score"":true,""macro"":true,""1h"":true,""4h"":true,""1d"":true,""higher_timeframe_structure"":true,""adx_trend_strength"":true}}","null","{""snapshot_id"":""12086580869f4949a818f528287e677b"",""snapshot_timestamp"":""2026-09-06T04:05:05.222382+00:00""}","""12086580869f4949a818f528287e677b""","""2026-09-06T04:05:05.222382+00:00""","{""decision_timestamp"":1788663600,""decision_status"":""closed"",""current_timestamp"":1788667200,""current_status"":""current""}","0.25235","0.23144","376.61805523","48.37296122","3.01294444","0.38698369","376.61805523","-48.37296122","true","true","false","3.01294444","0.25235","376.62","0.0","19.76","0.0","356.86","""TP2""","null","null","null","null","null","null"
"""TIAUSD-20260906040603""","null","""2026-09-06T04:06:03.903092+00:00""","""2026-09-06T21:03:07.325285+00:00""","""TIAUSD""","""LONG""","""CLOSED""","0.3835","null","null","null","null","null","null","null","null","null","0.40865926","0.40358148","0.41362222","0.4337037","9959.42530132","9959.42530132","0.0","true","3819.44","1.0","100.0","0.38","3.0","false","78","89","95","3.0","85.0","1.31","""V10""","3","52.0","""BEAR""","""BULL""","79.0","21.0","72.0","89.0","70.0","88.0","true","false","{""regime"":true,""score"":true,""macro"":true,""1h"":true,""4h"":true,""1d"":true,""higher_timeframe_structure"":true,""adx_trend_strength"":true}","[""Weak macro penalty"",""Full timeframe alignment"",""Strong daily trend""]","""Qualified""","{""raw_score"":78,""adjusted_score"":89,""action"":""BUY"",""setup_score"":95,""trade_allowed"":true,""opportunity_status"":""ENTRY_READY"",""block_reason"":""Qualified"",""reasons"":[""Weak macro penalty"",""Full timeframe alignment"",""Strong daily trend""],""asset_tier"":3,""macro_score"":52.0,""macro_bias"":""BEAR"",""market_regime"":""BULL"",""bull_probability"":79.0,""bear_probability"":21.0,""score_15m"":72.0,""score_1h"":89.0,""score_4h"":70.0,""score_1d"":88.0,""alignment"":true,""conflict"":false,""gate_results"":{""regime"":true,""score"":true,""macro"":true,""1h"":true,""4h"":true,""1d"":true,""higher_timeframe_structure"":true,""adx_trend_strength"":true}}","null","{""snapshot_id"":""12086580869f4949a818f528287e677b"",""snapshot_timestamp"":""2026-09-06T04:05:05.222382+00:00""}","""12086580869f4949a818f528287e677b""","""2026-09-06T04:05:05.222382+00:00""","{""decision_timestamp"":1788663600,""decision_status"":""closed"",""current_timestamp"":1788667200,""current_status"":""current""}","0.4187","0.3795","350.57177061","39.83770121","3.50571771","0.39837701","350.57177061","-39.83770121","true","true","false","3.50571771","0.4187","302.77","127.48","15.88","4.07","286.89","""TP2""","null","null","null","null","null","null"
"""INJUSD-20260906040604""","null","""2026-09-06T04:06:04.417036+00:00""","""2026-09-07T02:07:28.964835+00:00""","""INJUSD""","""LONG""","""CLOSED""","5.128","null","null","null","null","null","null","null","null","null","5.37834204","5.34331591","5.45097387","5.66628978","696.65076321","696.65076321","0.0","true","3572.43","0.75","75.0","0.36","3.0","false","82","83","87","3.0","85.0","1.05","""V10""","2","52.0","""BEAR""","""BULL""","79.0","21.0","100.0","90.0","83.0","64.0","false","true","{""regime"":true,""score"":true,""macro"":true,""1h"":true,""4h"":true,""1d"":true,""higher_timeframe_structure"":true,""adx_trend_strength"":true}","[""Weak macro penalty"",""Timeframe conflict penalty"",""Strong 4H trend""]","""Qualified""","{""raw_score"":82,""adjusted_score"":83,""action"":""BUY"",""setup_score"":87,""trade_allowed"":true,""opportunity_status"":""ENTRY_READY"",""block_reason"":""Qualified"",""reasons"":[""Weak macro penalty"",""Timeframe conflict penalty"",""Strong 4H trend""],""asset_tier"":2,""macro_score"":52.0,""macro_bias"":""BEAR"",""market_regime"":""BULL"",""bull_probability"":79.0,""bear_probability"":21.0,""score_15m"":100.0,""score_1h"":90.0,""score_4h"":83.0,""score_1d"":64.0,""alignment"":false,""conflict"":true,""gate_results"":{""regime"":true,""score"":true,""macro"":true,""1h"":true,""4h"":true,""1d"":true,""higher_timeframe_structure"":true,""adx_trend_strength"":true}}","null","{""snapshot_id"":""12086580869f4949a818f528287e677b"",""snapshot_timestamp"":""2026-09-06T04:05:05.222382+00:00""}","""12086580869f4949a818f528287e677b""","""2026-09-06T04:05:05.222382+00:00""","{""decision_timestamp"":1788663600,""decision_status"":""closed"",""current_timestamp"":1788667200,""current_status"":""current""}","5.486","5.07","249.40097323","40.40574427","3.32534631","0.53874326","249.40097323","-40.40574427","true","true","false","3.32534631","5.486","219.44","94.74","14.72","3.76","204.72","""TP2""","null","null","null","null","null","null"
"""PLUMEUSD-20260906040604""","null","""2026-09-06T04:06:04.955212+00:00""","""2026-09-06T15:06:36.475518+00:00""","""PLUMEUSD""","""LONG""","""CLOSED""","0.01414","null","null","null","null","null","null","null","null","null","0.01376236","0.01489528","0.01527292","0.01602819","198601.8430251","198601.8430251","0.0","false","2808.23","0.75","75.0","0.28","3.0","false","79","80","85","3.0","85.0","1.34","""V10""","3","52.0","""BEAR""","""BULL""","79.0","21.0","72.0","66.0","96.0","54.0","false","false","{""regime"":true,""score"":true,""macro"":true,""1h"":true,""4h"":true,""1d"":true,""higher_timeframe_structure"":true,""adx_trend_strength"":true}","[""Weak macro penalty"",""Strong 4H trend""]","""Qualified""","{""raw_score"":79,""adjusted_score"":80,""action"":""BUY"",""setup_score"":85,""trade_allowed"":true,""opportunity_status"":""ENTRY_READY"",""block_reason"":""Qualified"",""reasons"":[""Weak macro penalty"",""Strong 4H trend""],""asset_tier"":3,""macro_score"":52.0,""macro_bias"":""BEAR"",""market_regime"":""BULL"",""bull_probability"":79.0,""bear_probability"":21.0,""score_15m"":72.0,""score_1h"":66.0,""score_4h"":96.0,""score_1d"":54.0,""alignment"":false,""conflict"":false,""gate_results"":{""regime"":true,""score"":true,""macro"":true,""1h"":true,""4h"":true,""1d"":true,""higher_timeframe_structure"":true,""adx_trend_strength"":true}}","null","{""snapshot_id"":""12086580869f4949a818f528287e677b"",""snapshot_timestamp"":""2026-09-06T04:05:05.222382+00:00""}","""12086580869f4949a818f528287e677b""","""2026-09-06T04:05:05.222382+00:00""","{""decision_timestamp"":1788663600,""decision_status"":""closed"",""current_timestamp"":1788667200,""current_status"":""current""}","0.01419","0.01368","9.93009215","91.35684779","0.13240123","1.2180913","9.93009215","-91.35684779","false","false","false","0.13240123","0.01368","-91.36","0.0","11.05","0.0","-102.41","""STOP""","null","null","null","null","null","null"
"""ORCAUSD-20260906080454""","null","""2026-09-06T08:04:54.511623+00:00""","""2026-09-06T13:04:16.822008+00:00""","""ORCAUSD""","""LONG""","""CLOSED""","1.335","null","null","null","null","null","null","null","null","null","1.44679602","1.40940797","1.44661195","1.52101992","2015.91335121","2015.91335121","0.0","false","2691.24","0.75","75.0","0.27","3.0","false","82","83","86","3.0","85.0","1.39","""V10""","3","52.0","""BEAR""","""BULL""","78.0","22.0","66.0","91.0","84.0","69.0","false","false","{""regime"":true,""score"":true,""macro"":true,""1h"":true,""4h"":true,""1d"":true,""higher_timeframe_structure"":true,""adx_trend_strength"":true}","[""Weak macro penalty"",""Strong 4H trend""]","""Qualified""","{""raw_score"":82,""adjusted_score"":83,""action"":""BUY"",""setup_score"":86,""trade_allowed"":true,""opportunity_status"":""ENTRY_READY"",""block_reason"":""Qualified"",""reasons"":[""Weak macro penalty"",""Strong 4H trend""],""asset_tier"":3,""macro_score"":52.0,""macro_bias"":""BEAR"",""market_regime"":""BULL"",""bull_probability"":78.0,""bear_probability"":22.0,""score_15m"":66.0,""score_1h"":91.0,""score_4h"":84.0,""score_1d"":69.0,""alignment"":false,""conflict"":false,""gate_results"":{""regime"":true,""score"":true,""macro"":true,""1h"":true,""4h"":true,""1d"":true,""higher_timeframe_structure"":true,""adx_trend_strength"":true}}","null","{""snapshot_id"":""a7bbfd857cb94a81b962dae3c9e2b675"",""snapshot_timestamp"":""2026-09-06T08:03:58.215493+00:00""}","""a7bbfd857cb94a81b962dae3c9e2b675""","""2026-09-06T08:03:58.215493+00:00""","{""decision_timestamp"":1788678000,""decision_status"":""closed"",""current_timestamp"":1788681600,""current_status"":""current""}","1.484","1.333","300.37108933","4.0318267","4.00494786","0.05375769","300.37108933","-4.0318267","true","true","false","4.00494786","1.484","300.37","0.0","11.36","0.0","289.01","""TP2""","null","null","null","null","null","null"
"""FETUSD-20260906080455""","null","""2026-09-06T08:04:55.058992+00:00""","""2026-09-06T21:03:09.781295+00:00""","""FETUSD""","""LONG""","""CLOSED""","0.1658","null","null","null","null","null","null","null","null","null","0.17441373","0.17357255","0.17745882","0.18523136","19298.71058882","19298.71058882","0.0","false","3199.73","0.75","75.0","0.32","3.0","false","81","82","86","3.0","85.0","1.17","""V10""","3","52.0","""BEAR""","""BULL""","78.0","22.0","97.0","74.0","89.0","64.0","false","false","{""regime"":true,""score"":true,""macro"":true,""1h"":true,""4h"":true,""1d"":true,""higher_timeframe_structure"":true,""adx_trend_strength"":true}","[""Weak macro penalty"",""Strong 4H trend""]","""Qualified""","{""raw_score"":81,""adjusted_score"":82,""action"":""BUY"",""setup_score"":86,""trade_allowed"":true,""opportunity_status"":""ENTRY_READY"",""block_reason"":""Qualified"",""reasons"":[""Weak macro penalty"",""Strong 4H trend""],""asset_tier"":3,""macro_score"":52.0,""macro_bias"":""BEAR"",""market_regime"":""BULL"",""bull_probability"":78.0,""bear_probability"":22.0,""score_15m"":97.0,""score_1h"":74.0,""score_4h"":89.0,""score_1d"":64.0,""alignment"":false,""conflict"":false,""gate_results"":{""regime"":true,""score"":true,""macro"":true,""1h"":true,""4h"":true,""1d"":true,""higher_timeframe_structure"":true,""adx_trend_strength"":true}}","null","{""snapshot_id"":""a7bbfd857cb94a81b962dae3c9e2b675"",""snapshot_timestamp"":""2026-09-06T08:03:58.215493+00:00""}","""a7bbfd857cb94a81b962dae3c9e2b675""","""2026-09-06T08:03:58.215493+00:00""","{""decision_timestamp"":1788678000,""decision_status"":""closed"",""current_timestamp"":1788681600,""current_status"":""current""}","0.1783","0.1658","241.23388236","0.0","3.21645176","0.0","241.23388236","-0.0","true","true","false","3.21645176","0.1783","241.23","0.0","13.28","0.0","227.95","""TP2""","null","null","null","null","null","null"
"""ARBUSD-20260906110341""","null","""2026-09-06T11:03:41.710003+00:00""","""2026-09-07T04:05:51.606938+00:00""","""ARBUSD""","""LONG""","""CLOSED""","0.1958","null","null","null","null","null","null","null","null","null","0.17939699","0.22860602","0.24500903","0.27781506","4572.33154159","4572.33154159","0.0","false","895.26","0.75","75.0","0.09","3.0","false","74","80","88","3.0","85.0","4.19","""V10""","4","52.0","""BEAR""","""BULL""","78.0","22.0","72.0","75.0","72.0","76.0","true","false","{""regime"":true,""score"":true,""macro"":true,""1h"":true,""4h"":true,""1d"":true,""higher_timeframe_structure"":true,""adx_trend_strength"":true}","[""Weak macro penalty"",""Full timeframe alignment"",""Strong daily trend""]","""Qualified""","{""raw_score"":74,""adjusted_score"":80,""action"":""BUY"",""setup_score"":88,""trade_allowed"":true,""opportunity_status"":""ENTRY_READY"",""block_reason"":""Qualified"",""reasons"":[""Weak macro penalty"",""Full timeframe alignment"",""Strong daily trend""],""asset_tier"":4,""macro_score"":52.0,""macro_bias"":""BEAR"",""market_regime"":""BULL"",""bull_probability"":78.0,""bear_probability"":22.0,""score_15m"":72.0,""score_1h"":75.0,""score_4h"":72.0,""score_1d"":76.0,""alignment"":true,""conflict"":false,""gate_results"":{""regime"":true,""score"":true,""macro"":true,""1h"":true,""4h"":true,""1d"":true,""higher_timeframe_structure"":true,""adx_trend_strength"":true}}","null","{""snapshot_id"":""4030230aae8b4bfaa8bb2622f9812b31"",""snapshot_timestamp"":""2026-09-06T11:02:48.421004+00:00""}","""4030230aae8b4bfaa8bb2622f9812b31""","""2026-09-06T11:02:48.421004+00:00""","{""decision_timestamp"":1788688800,""decision_status"":""closed"",""current_timestamp"":1788692400,""current_status"":""current""}","0.1958","0.1754","0.0","93.27556345","0.0","1.24367418","0.0","-93.27556345","false","false","false","0.0","0.1754","-93.28","0.0","4.42","0.0","-97.7","""STOP""","null","null","null","null","null","null"
"""SUIUSD-20260906140603""","null","""2026-09-06T14:06:03.478044+00:00""","""2026-09-07T16:02:22.950108+00:00""","""SUIUSD""","""LONG""","""CLOSED""","0.8001","null","null","null","null","null","null","null","null","null","0.8215527","0.8363946","0.8545419","0.8908365","4132.84620853","4132.84620853","0.0","true","3306.69","0.75","75.0","0.33","3.0","false","78","82","85","3.0","85.0","1.13","""V10""","2","52.0","""BEAR""","""BULL""","78.0","22.0","60.0","72.0","89.0","63.0","false","false","{""regime"":true,""score"":true,""macro"":true,""1h"":true,""4h"":true,""1d"":true,""higher_timeframe_structure"":true,""adx_trend_strength"":true}","[""Weak macro penalty"",""Strong 4H trend""]","""Qualified""","{""raw_score"":78,""adjusted_score"":82,""action"":""BUY"",""setup_score"":85,""trade_allowed"":true,""opportunity_status"":""ENTRY_READY"",""block_reason"":""Qualified"",""reasons"":[""Weak macro penalty"",""Strong 4H trend""],""asset_tier"":2,""macro_score"":52.0,""macro_bias"":""BEAR"",""market_regime"":""BULL"",""bull_probability"":78.0,""bear_probability"":22.0,""score_15m"":60.0,""score_1h"":72.0,""score_4h"":89.0,""score_1d"":63.0,""alignment"":false,""conflict"":false,""gate_results"":{""regime"":true,""score"":true,""macro"":true,""1h"":true,""4h"":true,""1d"":true,""higher_timeframe_structure"":true,""adx_trend_strength"":true}}","null","{""snapshot_id"":""24a5430f464c42088c26ce43e8e3b323"",""snapshot_timestamp"":""2026-09-06T14:05:06.786247+00:00""}","""24a5430f464c42088c26ce43e8e3b323""","""2026-09-06T14:05:06.786247+00:00""","{""decision_timestamp"":1788699600,""decision_status"":""closed"",""current_timestamp"":1788703200,""current_status"":""current""}","0.8397","0.7914","163.66070986","35.95576201","2.1821428","0.47941016","163.66070986","-35.95576201","true","false","false","2.1821428","0.8042","90.3","81.83","13.4","3.47","76.9","""STOP""","null","null","null","null","null","null"
"""ORCAUSD-20260906150735""","null","""2026-09-06T15:07:35.652814+00:00""","""2026-09-07T02:00:02.162635+00:00""","""ORCAUSD""","""LONG""","""CLOSED""","1.413","null","null","null","null","null","null","null","null","null","1.60672732","1.55154537","1.62081805","1.75936342","1082.67790419","1082.67790419","0.0","false","1529.82","0.75","75.0","0.15","3.0","false","80","81","84","3.0","85.0","2.45","""V10""","3","52.0","""BEAR""","""BULL""","78.0","22.0","64.0","94.0","80.0","69.0","false","false","{""regime"":true,""score"":true,""macro"":true,""1h"":true,""4h"":true,""1d"":true,""higher_timeframe_structure"":true,""adx_trend_strength"":true}","[""Weak macro penalty"",""Strong 4H trend""]","""Qualified""","{""raw_score"":80,""adjusted_score"":81,""action"":""BUY"",""setup_score"":84,""trade_allowed"":true,""opportunity_status"":""ENTRY_READY"",""block_reason"":""Qualified"",""reasons"":[""Weak macro penalty"",""Strong 4H trend""],""asset_tier"":3,""macro_score"":52.0,""macro_bias"":""BEAR"",""market_regime"":""BULL"",""bull_probability"":78.0,""bear_probability"":22.0,""score_15m"":64.0,""score_1h"":94.0,""score_4h"":80.0,""score_1d"":69.0,""alignment"":false,""conflict"":false,""gate_results"":{""regime"":true,""score"":true,""macro"":true,""1h"":true,""4h"":true,""1d"":true,""higher_timeframe_structure"":true,""adx_trend_strength"":true}}","null","{""snapshot_id"":""0596e778164b4914b7484cd9e3b3913e"",""snapshot_timestamp"":""2026-09-06T15:06:39.805902+00:00""}","""0596e778164b4914b7484cd9e3b3913e""","""2026-09-06T15:06:39.805902+00:00""","{""decision_timestamp"":1788703200,""decision_status"":""closed"",""current_timestamp"":1788706800,""current_status"":""current""}","1.676","1.388","284.7442888","27.0669476","3.79659052","0.36089263","284.7442888","-27.0669476","true","true","false","3.79659052","1.676","284.74","0.0","6.69","0.0","278.05","""TP2""","null","null","null","null","null","null"
"""MONUSD-20260906200156""","null","""2026-09-06T20:01:56.371976+00:00""","""2026-09-07T23:04:24.238492+00:00""","""MONUSD""","""LONG""","""CLOSED""","0.02681","null","null","null","null","null","null","null","null","null","0.02682","0.02866499","0.02959249","0.03144748","80862.53369272","80862.53369272","0.0","false","2167.92","0.75","75.0","0.22","3.0","false","82","83","87","3.0","85.0","1.73","""V10""","3","52.0","""BEAR""","""BULL""","78.0","22.0","90.0","89.0","83.0","67.0","false","false","{""regime"":true,""score"":true,""macro"":true,""1h"":true,""4h"":true,""1d"":true,""higher_timeframe_structure"":true,""adx_trend_strength"":true}","[""Weak macro penalty"",""Strong 4H trend""]","""Qualified""","{""raw_score"":82,""adjusted_score"":83,""action"":""BUY"",""setup_score"":87,""trade_allowed"":true,""opportunity_status"":""ENTRY_READY"",""block_reason"":""Qualified"",""reasons"":[""Weak macro penalty"",""Strong 4H trend""],""asset_tier"":3,""macro_score"":52.0,""macro_bias"":""BEAR"",""market_regime"":""BULL"",""bull_probability"":78.0,""bear_probability"":22.0,""score_15m"":90.0,""score_1h"":89.0,""score_4h"":83.0,""score_1d"":67.0,""alignment"":false,""conflict"":false,""gate_results"":{""regime"":true,""score"":true,""macro"":true,""1h"":true,""4h"":true,""1d"":true,""higher_timeframe_structure"":true,""adx_trend_strength"":true}}","null","{""snapshot_id"":""3cb4caa3d9c1494082db4bdb2e69b1f5"",""snapshot_timestamp"":""2026-09-06T20:00:59.770484+00:00""}","""3cb4caa3d9c1494082db4bdb2e69b1f5""","""2026-09-06T20:00:59.770484+00:00""","{""decision_timestamp"":1788721200,""decision_status"":""closed"",""current_timestamp"":1788724800,""current_status"":""current""}","0.0281","0.02613","104.31266846","54.98652291","1.39083558","0.73315364","104.31266846","-54.98652291","false","false","false","1.39083558","0.02681","0.0","0.0","8.68","0.0","-8.68","""STOP""","null","null","null","null","null","null"
"""VIRTUALUSD-20260906200156""","null","""2026-09-06T20:01:56.946902+00:00""","""2026-09-08T03:04:53.860939+00:00""","""VIRTUALUSD""","""LONG""","""CLOSED""","0.6995","null","null","null","null","null","null","null","null","null","0.73312226","0.73485547","0.75253321","0.78788868","4242.62377431","4242.62377431","0.0","true","2967.72","0.75","75.0","0.3","3.0","false","80","81","86","3.0","85.0","1.26","""V10""","3","52.0","""BEAR""","""BULL""","78.0","22.0","85.0","86.0","83.0","63.0","false","false","{""regime"":true,""score"":true,""macro"":true,""1h"":true,""4h"":true,""1d"":true,""higher_timeframe_structure"":true,""adx_trend_strength"":true}","[""Weak macro penalty"",""Strong 4H trend""]","""Qualified""","{""raw_score"":80,""adjusted_score"":81,""action"":""BUY"",""setup_score"":86,""trade_allowed"":true,""opportunity_status"":""ENTRY_READY"",""block_reason"":""Qualified"",""reasons"":[""Weak macro penalty"",""Strong 4H trend""],""asset_tier"":3,""macro_score"":52.0,""macro_bias"":""BEAR"",""market_regime"":""BULL"",""bull_probability"":78.0,""bear_probability"":22.0,""score_15m"":85.0,""score_1h"":86.0,""score_4h"":83.0,""score_1d"":63.0,""alignment"":false,""conflict"":false,""gate_results"":{""regime"":true,""score"":true,""macro"":true,""1h"":true,""4h"":true,""1d"":true,""higher_timeframe_structure"":true,""adx_trend_strength"":true}}","null","{""snapshot_id"":""3cb4caa3d9c1494082db4bdb2e69b1f5"",""snapshot_timestamp"":""2026-09-06T20:00:59.770484+00:00""}","""3cb4caa3d9c1494082db4bdb2e69b1f5""","""2026-09-06T20:00:59.770484+00:00""","{""decision_timestamp"":1788721200,""decision_status"":""closed"",""current_timestamp"":1788724800,""current_status"":""current""}","0.7508","0.6995","217.64659962","0.0","2.90195466","0.0","217.64659962","-0.0","true","false","false","2.90195466","0.73","154.01","89.31","12.19","3.15","141.82","""STOP""","null","null","null","null","null","null"
"""FETUSD-20260906210412""","null","""2026-09-06T21:04:12.533942+00:00""","""2026-09-07T02:00:07.360959+00:00""","""FETUSD""","""LONG""","""CLOSED""","0.1791","null","null","null","null","null","null","null","null","null","0.17322354","0.19085292","0.19672937","0.20848229","12762.78575877","12762.78575877","0.0","false","2285.81","0.75","75.0","0.23","3.0","false","79","80","85","3.0","85.0","1.64","""V10""","3","52.0","""BEAR""","""BULL""","79.0","21.0","72.0","93.0","79.0","64.0","false","false","{""regime"":true,""score"":true,""macro"":true,""1h"":true,""4h"":true,""1d"":true,""higher_timeframe_structure"":true,""adx_trend_strength"":true}","[""Weak macro penalty"",""Strong 4H trend""]","""Qualified""","{""raw_score"":79,""adjusted_score"":80,""action"":""BUY"",""setup_score"":85,""trade_allowed"":true,""opportunity_status"":""ENTRY_READY"",""block_reason"":""Qualified"",""reasons"":[""Weak macro penalty"",""Strong 4H trend""],""asset_tier"":3,""macro_score"":52.0,""macro_bias"":""BEAR"",""market_regime"":""BULL"",""bull_probability"":79.0,""bear_probability"":21.0,""score_15m"":72.0,""score_1h"":93.0,""score_4h"":79.0,""score_1d"":64.0,""alignment"":false,""conflict"":false,""gate_results"":{""regime"":true,""score"":true,""macro"":true,""1h"":true,""4h"":true,""1d"":true,""higher_timeframe_structure"":true,""adx_trend_strength"":true}}","null","{""snapshot_id"":""d472943e79ff48ee97ff09356a2483f1"",""snapshot_timestamp"":""2026-09-06T21:03:15.192149+00:00""}","""d472943e79ff48ee97ff09356a2483f1""","""2026-09-06T21:03:15.192149+00:00""","{""decision_timestamp"":1788724800,""decision_status"":""closed"",""current_timestamp"":1788728400,""current_status"":""current""}","0.1792","0.173","1.27627858","77.85299313","0.01701705","1.03803991","1.27627858","-77.85299313","false","false","false","0.01701705","0.173","-77.85","0.0","8.99","0.0","-86.84","""STOP""","null","null","null","null","null","null"
"""AVAXUSD-20260906215149""","null","""2026-09-06T21:51:49.236532+00:00""","""2026-09-08T14:02:41.007845+00:00""","""AVAXUSD""","""LONG""","""CLOSED""","7.815","null","null","null","null","null","null","null","null","null","8.02050133","8.05599734","8.17649601","8.41749335","622.4135088","622.4135088","0.0","true","4864.16","0.75","75.0","0.49","3.0","false","76","80","80","3.0","70.0","0.77","""V10""","2","52.0","""BEAR""","""BULL""","79.0","21.0","85.0","94.0","77.0","51.0","false","false","{""regime"":true,""score"":true,""macro"":true,""1h"":true,""4h"":true,""1d"":true,""higher_timeframe_structure"":true,""adx_trend_strength"":true}","[""Weak macro penalty"",""Strong 4H trend""]","""Qualified""","{""raw_score"":76,""adjusted_score"":80,""action"":""BUY"",""setup_score"":80,""trade_allowed"":true,""opportunity_status"":""ENTRY_READY"",""block_reason"":""Qualified"",""reasons"":[""Weak macro penalty"",""Strong 4H trend""],""asset_tier"":2,""macro_score"":52.0,""macro_bias"":""BEAR"",""market_regime"":""BULL"",""bull_probability"":79.0,""bear_probability"":21.0,""score_15m"":85.0,""score_1h"":94.0,""score_4h"":77.0,""score_1d"":51.0,""alignment"":false,""conflict"":false,""gate_results"":{""regime"":true,""score"":true,""macro"":true,""1h"":true,""4h"":true,""1d"":true,""higher_timeframe_structure"":true,""adx_trend_strength"":true}}","null","{""snapshot_id"":""d366c84a3c0d4458b25979f0843a18fc"",""snapshot_timestamp"":""2026-09-06T21:50:53.058966+00:00""}","""d366c84a3c0d4458b25979f0843a18fc""","""2026-09-06T21:50:53.058966+00:00""","{""decision_timestamp"":1788724800,""decision_status"":""closed"",""current_timestamp"":1788728400,""current_status"":""current""}","8.141","7.773","202.90680387","26.14136737","2.70542405","0.34855156","202.90680387","-26.14136737","true","false","false","2.70542405","7.913","114.84","84.34","19.69","5.03","95.15","""STOP""","null","null","null","null","null","null"
"""SEIUSD-20260909000556""","null","""2026-09-09T00:05:56.461448+00:00""","""2026-09-09T21:05:49.607687+00:00""","""SEIUSD""","""LONG""","""CLOSED""","0.0497","null","null","null","null","null","null","null","null","null","0.04826889","0.05256221","0.05399332","0.05685553","52406.8729867","52406.8729867","0.0","false","2604.62","0.75","75.0","0.26","3.0","false","80","81","84","3.0","85.0","1.44","""V10""","3","54.0","""BEAR""","""BULL""","78.0","22.0","68.0","76.0","86.0","74.0","false","false","{""regime"":true,""score"":true,""macro"":true,""1h"":true,""4h"":true,""1d"":true,""higher_timeframe_structure"":true,""adx_trend_strength"":true}","[""Weak macro penalty"",""Strong 4H trend""]","""Qualified""","{""raw_score"":80,""adjusted_score"":81,""action"":""BUY"",""setup_score"":84,""trade_allowed"":true,""opportunity_status"":""ENTRY_READY"",""block_reason"":""Qualified"",""reasons"":[""Weak macro penalty"",""Strong 4H trend""],""asset_tier"":3,""macro_score"":54.0,""macro_bias"":""BEAR"",""market_regime"":""BULL"",""bull_probability"":78.0,""bear_probability"":22.0,""score_15m"":68.0,""score_1h"":76.0,""score_4h"":86.0,""score_1d"":74.0,""alignment"":false,""conflict"":false,""gate_results"":{""regime"":true,""score"":true,""macro"":true,""1h"":true,""4h"":true,""1d"":true,""higher_timeframe_structure"":true,""adx_trend_strength"":true}}","null","{""snapshot_id"":""84ca14a0e96e40f1b0d551071b0f646b"",""snapshot_timestamp"":""2026-09-09T00:04:51.885913+00:00""}","""84ca14a0e96e40f1b0d551071b0f646b""","""2026-09-09T00:04:51.885913+00:00""","{""decision_timestamp"":1788908400,""decision_status"":""closed"",""current_timestamp"":1788912000,""current_status"":""current""}","0.05103","0.04825","69.70114107","75.98996583","0.92934855","1.01319954","69.70114107","-75.98996583","false","false","false","0.92934855","0.04825","-75.99","0.0","10.27","0.0","-86.26","""STOP""","null","null","null","null","null","null"
"""AKTUSD-20260909010132""","null","""2026-09-09T01:01:32.786750+00:00""","""2026-09-09T23:04:13.221431+00:00""","""AKTUSD""","""LONG""","""CLOSED""","0.5932","null","null","null","null","null","null","null","null","null","0.57093514","0.63772973","0.65999459","0.70452432","5614.22798077","5614.22798077","0.0","false","3330.36","1.25","125.0","0.33","3.0","false","78","92","96","3.0","85.0","1.88","""V10""","2","54.0","""BEAR""","""BULL""","79.0","21.0","88.0","79.0","73.0","86.0","true","false","{""regime"":true,""score"":true,""macro"":true,""1h"":true,""4h"":true,""1d"":true,""higher_timeframe_structure"":true,""adx_trend_strength"":true}","[""Weak macro penalty"",""Full timeframe alignment"",""Strong daily trend""]","""Qualified""","{""raw_score"":78,""adjusted_score"":92,""action"":""STRONG BUY"",""setup_score"":96,""trade_allowed"":true,""opportunity_status"":""ENTRY_READY"",""block_reason"":""Qualified"",""reasons"":[""Weak macro penalty"",""Full timeframe alignment"",""Strong daily trend""],""asset_tier"":2,""macro_score"":54.0,""macro_bias"":""BEAR"",""market_regime"":""BULL"",""bull_probability"":79.0,""bear_probability"":21.0,""score_15m"":88.0,""score_1h"":79.0,""score_4h"":73.0,""score_1d"":86.0,""alignment"":true,""conflict"":false,""gate_results"":{""regime"":true,""score"":true,""macro"":true,""1h"":true,""4h"":true,""1d"":true,""higher_timeframe_structure"":true,""adx_trend_strength"":true}}","null","{""snapshot_id"":""7998eae248a3422485cc4d836c23883f"",""snapshot_timestamp"":""2026-09-09T01:00:24.106528+00:00""}","""7998eae248a3422485cc4d836c23883f""","""2026-09-09T01:00:24.106528+00:00""","{""decision_timestamp"":1788912000,""decision_status"":""closed"",""current_timestamp"":1788915600,""current_status"":""current""}","0.5932","0.5556","0.0","211.09497208","0.0","1.68875978","0.0","-211.09497208","false","false","false","0.0","0.5556","-211.09","0.0","12.9","0.0","-223.99","""STOP""","null","null","null","null","null","null"
"""PYTHUSD-20260909080057""","null","""2026-09-09T08:00:57.211516+00:00""","""2026-09-09T20:00:21.499398+00:00""","""PYTHUSD""","""LONG""","""CLOSED""","0.05471","null","null","null","null","null","null","null","null","null","0.05472","0.05751146","0.05891218","0.06171364","89239.18242631","89239.18242631","0.0","false","4882.28","1.25","125.0","0.49","3.0","false","81","92","96","3.0","85.0","1.28","""V10""","3","54.0","""BEAR""","""BULL""","79.0","21.0","97.0","86.0","79.0","74.0","true","false","{""regime"":true,""score"":true,""macro"":true,""1h"":true,""4h"":true,""1d"":true,""higher_timeframe_structure"":true,""adx_trend_strength"":true}","[""Weak macro penalty"",""Full timeframe alignment"",""Strong 4H trend""]","""Qualified""","{""raw_score"":81,""adjusted_score"":92,""action"":""STRONG BUY"",""setup_score"":96,""trade_allowed"":true,""opportunity_status"":""ENTRY_READY"",""block_reason"":""Qualified"",""reasons"":[""Weak macro penalty"",""Full timeframe alignment"",""Strong 4H trend""],""asset_tier"":3,""macro_score"":54.0,""macro_bias"":""BEAR"",""market_regime"":""BULL"",""bull_probability"":79.0,""bear_probability"":21.0,""score_15m"":97.0,""score_1h"":86.0,""score_4h"":79.0,""score_1d"":74.0,""alignment"":true,""conflict"":false,""gate_results"":{""regime"":true,""score"":true,""macro"":true,""1h"":true,""4h"":true,""1d"":true,""higher_timeframe_structure"":true,""adx_trend_strength"":true}}","null","{""snapshot_id"":""63e4af46862e4b828223ecd4c8f3e75d"",""snapshot_timestamp"":""2026-09-09T07:59:53.848046+00:00""}","""63e4af46862e4b828223ecd4c8f3e75d""","""2026-09-09T07:59:53.848046+00:00""","{""decision_timestamp"":1788937200,""decision_status"":""closed"",""current_timestamp"":1788940800,""current_status"":""current""}","0.0565","0.05311","159.73813654","142.78269188","1.27790509","1.14226154","159.73813654","-142.78269188","false","false","false","1.27790509","0.05311","-142.78","0.0","19.24","0.0","-162.02","""STOP""","null","null","null","null","null","null"
"""ADAUSD-20260909080059""","null","""2026-09-09T08:00:59.960095+00:00""","""2026-09-09T16:03:07.672017+00:00""","""ADAUSD""","""LONG""","""CLOSED""","0.221616","null","null","null","null","null","null","null","null","null","0.21576252","0.23332297","0.23917645","0.25088342","17083.85439089","17083.85439089","0.0","false","3786.06","1.0","100.0","0.38","3.0","false","76","87","96","3.0","85.0","1.32","""V10""","4","54.0","""BEAR""","""BULL""","79.0","21.0","82.0","70.0","76.0","80.0","true","false","{""regime"":true,""score"":true,""macro"":true,""1h"":true,""4h"":true,""1d"":true,""higher_timeframe_structure"":true,""adx_trend_strength"":true}","[""Weak macro penalty"",""Full timeframe alignment"",""Strong daily trend"",""Strong 4H trend""]","""Qualified""","{""raw_score"":76,""adjusted_score"":87,""action"":""BUY"",""setup_score"":96,""trade_allowed"":true,""opportunity_status"":""ENTRY_READY"",""block_reason"":""Qualified"",""reasons"":[""Weak macro penalty"",""Full timeframe alignment"",""Strong daily trend"",""Strong 4H trend""],""asset_tier"":4,""macro_score"":54.0,""macro_bias"":""BEAR"",""market_regime"":""BULL"",""bull_probability"":79.0,""bear_probability"":21.0,""score_15m"":82.0,""score_1h"":70.0,""score_4h"":76.0,""score_1d"":80.0,""alignment"":true,""conflict"":false,""gate_results"":{""regime"":true,""score"":true,""macro"":true,""1h"":true,""4h"":true,""1d"":true,""higher_timeframe_structure"":true,""adx_trend_strength"":true}}","null","{""snapshot_id"":""63e4af46862e4b828223ecd4c8f3e75d"",""snapshot_timestamp"":""2026-09-09T07:59:53.848046+00:00""}","""63e4af46862e4b828223ecd4c8f3e75d""","""2026-09-09T07:59:53.848046+00:00""","{""decision_timestamp"":1788937200,""decision_status"":""closed"",""current_timestamp"":1788940800,""current_status"":""current""}","0.222266","0.215698","11.10450535","101.10225029","0.11104505","1.0110225","11.10450535","-101.10225029","false","false","false","0.11104505","0.215698","-101.1","0.0","14.94","0.0","-116.04","""STOP""","null","null","null","null","null","null"
"""RENDERUSD-20260909080100""","null","""2026-09-09T08:01:00.498350+00:00""","""2026-09-09T23:04:16.361392+00:00""","""RENDERUSD""","""LONG""","""CLOSED""","1.528","null","null","null","null","null","null","null","null","null","1.48919568","1.60560865","1.64441297","1.72202161","1932.77449521","1932.77449521","0.0","false","2953.28","0.75","75.0","0.3","3.0","false","78","82","86","3.0","85.0","1.27","""V10""","2","54.0","""BEAR""","""BULL""","79.0","21.0","78.0","86.0","82.0","60.0","false","false","{""regime"":true,""score"":true,""macro"":true,""1h"":true,""4h"":true,""1d"":true,""higher_timeframe_structure"":true,""adx_trend_strength"":true}","[""Weak macro penalty"",""Strong 4H trend""]","""Qualified""","{""raw_score"":78,""adjusted_score"":82,""action"":""BUY"",""setup_score"":86,""trade_allowed"":true,""opportunity_status"":""ENTRY_READY"",""block_reason"":""Qualified"",""reasons"":[""Weak macro penalty"",""Strong 4H trend""],""asset_tier"":2,""macro_score"":54.0,""macro_bias"":""BEAR"",""market_regime"":""BULL"",""bull_probability"":79.0,""bear_probability"":21.0,""score_15m"":78.0,""score_1h"":86.0,""score_4h"":82.0,""score_1d"":60.0,""alignment"":false,""conflict"":false,""gate_results"":{""regime"":true,""score"":true,""macro"":true,""1h"":true,""4h"":true,""1d"":true,""higher_timeframe_structure"":true,""adx_trend_strength"":true}}","null","{""snapshot_id"":""63e4af46862e4b828223ecd4c8f3e75d"",""snapshot_timestamp"":""2026-09-09T07:59:53.848046+00:00""}","""63e4af46862e4b828223ecd4c8f3e75d""","""2026-09-09T07:59:53.848046+00:00""","{""decision_timestamp"":1788937200,""decision_status"":""closed"",""current_timestamp"":1788940800,""current_status"":""current""}","1.546","1.45","34.78994091","150.75641063","0.46386588","2.01008548","34.78994091","-150.75641063","false","false","false","0.46386588","1.45","-150.76","0.0","11.52","0.0","-162.28","""STOP""","null","null","null","null","null","null"
"""ONDOUSD-20260909080101""","null","""2026-09-09T08:01:01.035976+00:00""","""2026-09-09T16:03:09.972547+00:00""","""ONDOUSD""","""LONG""","""CLOSED""","0.37877","null","null","null","null","null","null","null","null","null","0.36963427","0.39704146","0.4061772","0.42444866","8209.52458096","8209.52458096","0.0","false","3109.52","0.75","75.0","0.31","3.0","false","76","80","85","3.0","85.0","1.21","""V10""","2","54.0","""BEAR""","""BULL""","79.0","21.0","78.0","89.0","68.0","78.0","false","false","{""regime"":true,""score"":true,""macro"":true,""1h"":true,""4h"":true,""1d"":true,""higher_timeframe_structure"":true,""adx_trend_strength"":true}","[""Weak macro penalty"",""Strong daily trend""]","""Qualified""","{""raw_score"":76,""adjusted_score"":80,""action"":""BUY"",""setup_score"":85,""trade_allowed"":true,""opportunity_status"":""ENTRY_READY"",""block_reason"":""Qualified"",""reasons"":[""Weak macro penalty"",""Strong daily trend""],""asset_tier"":2,""macro_score"":54.0,""macro_bias"":""BEAR"",""market_regime"":""BULL"",""bull_probability"":79.0,""bear_probability"":21.0,""score_15m"":78.0,""score_1h"":89.0,""score_4h"":68.0,""score_1d"":78.0,""alignment"":false,""conflict"":false,""gate_results"":{""regime"":true,""score"":true,""macro"":true,""1h"":true,""4h"":true,""1d"":true,""higher_timeframe_structure"":true,""adx_trend_strength"":true}}","null","{""snapshot_id"":""63e4af46862e4b828223ecd4c8f3e75d"",""snapshot_timestamp"":""2026-09-09T07:59:53.848046+00:00""}","""63e4af46862e4b828223ecd4c8f3e75d""","""2026-09-09T07:59:53.848046+00:00""","{""decision_timestamp"":1788937200,""decision_status"":""closed"",""current_timestamp"":1788940800,""current_status"":""current""}","0.38057","0.36888","14.77714425","81.19219811","0.19702859","1.08256264","14.77714425","-81.19219811","false","false","false","0.19702859","0.36888","-81.19","0.0","12.28","0.0","-93.47","""STOP""","null","null","null","null","null","null"
"""ETHUSD-20260909120617""","null","""2026-09-09T12:06:17.148278+00:00""","""2026-09-09T20:00:23.637595+00:00""","""ETHUSD""","""LONG""","""CLOSED""","2499.29","null","null","null","null","null","null","null","null","null","2467.46979063","2562.93041874","2594.75062811","2658.39104684","3.14265688","3.14265688","0.0","false","7854.41","1.0","100.0","0.79","3.0","false","80","86","85","3.0","70.0","0.64","""V10""","1","54.0","""BEAR""","""BULL""","80.0","20.0","70.0","90.0","87.0","55.0","false","false","{""regime"":true,""score"":true,""macro"":true,""1h"":true,""4h"":true,""1d"":true,""higher_timeframe_structure"":true,""adx_trend_strength"":true}","[""Weak macro penalty"",""Strong 4H trend""]","""Qualified""","{""raw_score"":80,""adjusted_score"":86,""action"":""BUY"",""setup_score"":85,""trade_allowed"":true,""opportunity_status"":""ENTRY_READY"",""block_reason"":""Qualified"",""reasons"":[""Weak macro penalty"",""Strong 4H trend""],""asset_tier"":1,""macro_score"":54.0,""macro_bias"":""BEAR"",""market_regime"":""BULL"",""bull_probability"":80.0,""bear_probability"":20.0,""score_15m"":70.0,""score_1h"":90.0,""score_4h"":87.0,""score_1d"":55.0,""alignment"":false,""conflict"":false,""gate_results"":{""regime"":true,""score"":true,""macro"":true,""1h"":true,""4h"":true,""1d"":true,""higher_timeframe_structure"":true,""adx_trend_strength"":true}}","null","{""snapshot_id"":""39a3892968dd4dd0b7c671bb17563bb1"",""snapshot_timestamp"":""2026-09-09T12:05:18.106078+00:00""}","""39a3892968dd4dd0b7c671bb17563bb1""","""2026-09-09T12:05:18.106078+00:00""","{""decision_timestamp"":1788951600,""decision_status"":""closed"",""current_timestamp"":1788955200,""current_status"":""current""}","2510.93","2464.73","36.58052608","108.61022177","0.36580526","1.08610222","36.58052608","-108.61022177","false","false","false","0.36580526","2464.73","-108.61","0.0","31.2","0.0","-139.81","""STOP""","null","null","null","null","null","null"
"""METUSD-20260909200127""","null","""2026-09-09T20:01:27.349083+00:00""","""2026-09-09T22:05:06.310074+00:00""","""METUSD""","""LONG""","""CLOSED""","0.2032","null","null","null","null","null","null","null","null","null","0.19795436","0.21369128","0.21893692","0.22942821","14297.58809221","14297.58809221","0.0","false","2905.27","0.75","75.0","0.29","3.0","false","80","81","84","3.0","85.0","1.29","""V10""","3","54.0","""BEAR""","""BULL""","77.0","22.0","66.0","90.0","88.0","53.0","false","false","{""regime"":true,""score"":true,""macro"":true,""1h"":true,""4h"":true,""1d"":true,""higher_timeframe_structure"":true,""adx_trend_strength"":true}","[""Weak macro penalty"",""Strong 4H trend""]","""Qualified""","{""raw_score"":80,""adjusted_score"":81,""action"":""BUY"",""setup_score"":84,""trade_allowed"":true,""opportunity_status"":""ENTRY_READY"",""block_reason"":""Qualified"",""reasons"":[""Weak macro penalty"",""Strong 4H trend""],""asset_tier"":3,""macro_score"":54.0,""macro_bias"":""BEAR"",""market_regime"":""BULL"",""bull_probability"":77.0,""bear_probability"":22.0,""score_15m"":66.0,""score_1h"":90.0,""score_4h"":88.0,""score_1d"":53.0,""alignment"":false,""conflict"":false,""gate_results"":{""regime"":true,""score"":true,""macro"":true,""1h"":true,""4h"":true,""1d"":true,""higher_timeframe_structure"":true,""adx_trend_strength"":true}}","null","{""snapshot_id"":""8b50dcbc619646b5b49fb55381c081ae"",""snapshot_timestamp"":""2026-09-09T20:00:24.158952+00:00""}","""8b50dcbc619646b5b49fb55381c081ae""","""2026-09-09T20:00:24.158952+00:00""","{""decision_timestamp"":1788980400,""decision_status"":""closed"",""current_timestamp"":1788984000,""current_status"":""current""}","0.2032","0.1968","0.0","91.50456379","0.0","1.22006085","0.0","-91.50456379","false","false","false","0.0","0.1968","-91.5","0.0","11.44","0.0","-102.94","""STOP""","null","null","null","null","null","null"
"""NOSUSD-20260910000452""","null","""2026-09-10T00:04:52.118881+00:00""","""""","""NOSUSD""","""LONG""","""OPEN""","0.2998","null","null","null","null","null","null","null","null","null","0.28239115","0.33461771","0.35202656","0.38684427","7180.25601921","7180.25601921","7180.25601921","false","2152.64","1.25","125.0","0.22","3.0","false","78","93","96","3.0","85.0","2.9","""V10""","4","63.0","""NEUTRAL""","""BULL""","80.0","20.0","70.0","78.0","78.0","80.0","true","false","{""regime"":true,""score"":true,""macro"":true,""1h"":true,""4h"":true,""1d"":true,""higher_timeframe_structure"":true,""adx_trend_strength"":true}","[""Full timeframe alignment"",""Strong daily trend"",""Strong 4H trend""]","""Qualified""","{""raw_score"":78,""adjusted_score"":93,""action"":""STRONG BUY"",""setup_score"":96,""trade_allowed"":true,""opportunity_status"":""ENTRY_READY"",""block_reason"":""Qualified"",""reasons"":[""Full timeframe alignment"",""Strong daily trend"",""Strong 4H trend""],""asset_tier"":4,""macro_score"":63.0,""macro_bias"":""NEUTRAL"",""market_regime"":""BULL"",""bull_probability"":80.0,""bear_probability"":20.0,""score_15m"":70.0,""score_1h"":78.0,""score_4h"":78.0,""score_1d"":80.0,""alignment"":true,""conflict"":false,""gate_results"":{""regime"":true,""score"":true,""macro"":true,""1h"":true,""4h"":true,""1d"":true,""higher_timeframe_structure"":true,""adx_trend_strength"":true}}","null","{""snapshot_id"":""8aa37123f8114f309fccdb33223f7685"",""snapshot_timestamp"":""2026-09-10T00:03:47.735249+00:00""}","""8aa37123f8114f309fccdb33223f7685""","""2026-09-10T00:03:47.735249+00:00""","{""decision_timestamp"":1788994800,""decision_status"":""closed"",""current_timestamp"":1788998400,""current_status"":""current""}","0.2998","0.2941","0.0","40.92745931","0.0","0.32741967","0.0","-40.92745931","false","false","false","0.0","""""","""""","0.0","4.31","0.0","""""","""""","null","null","null","null","null","null"
"""NEARUSD-20260910000454""","null","""2026-09-10T00:04:54.161495+00:00""","""""","""NEARUSD""","""LONG""","""OPEN""","2.4903","null","null","null","null","null","null","null","null","null","2.37109395","2.72871209","2.84791814","3.08633024","629.1626977","629.1626977","629.1626977","false","1566.8","0.75","75.0","0.16","3.0","false","75","80","85","3.0","85.0","2.39","""V10""","3","63.0","""NEUTRAL""","""BULL""","80.0","20.0","73.0","60.0","87.0","65.0","false","false","{""regime"":true,""score"":true,""macro"":true,""1h"":true,""4h"":true,""1d"":true,""higher_timeframe_structure"":true,""adx_trend_strength"":true}","[""Strong 4H trend""]","""Qualified""","{""raw_score"":75,""adjusted_score"":80,""action"":""BUY"",""setup_score"":85,""trade_allowed"":true,""opportunity_status"":""ENTRY_READY"",""block_reason"":""Qualified"",""reasons"":[""Strong 4H trend""],""asset_tier"":3,""macro_score"":63.0,""macro_bias"":""NEUTRAL"",""market_regime"":""BULL"",""bull_probability"":80.0,""bear_probability"":20.0,""score_15m"":73.0,""score_1h"":60.0,""score_4h"":87.0,""score_1d"":65.0,""alignment"":false,""conflict"":false,""gate_results"":{""regime"":true,""score"":true,""macro"":true,""1h"":true,""4h"":true,""1d"":true,""higher_timeframe_structure"":true,""adx_trend_strength"":true}}","null","{""snapshot_id"":""8aa37123f8114f309fccdb33223f7685"",""snapshot_timestamp"":""2026-09-10T00:03:47.735249+00:00""}","""8aa37123f8114f309fccdb33223f7685""","""2026-09-10T00:03:47.735249+00:00""","{""decision_timestamp"":1788994800,""decision_status"":""closed"",""current_timestamp"":1788998400,""current_status"":""current""}","2.4903","2.4521","0.0","24.03401505","0.0","0.32045353","0.0","-24.03401505","false","false","false","0.0","""""","""""","0.0","3.13","0.0","""""","""""","null","null","null","null","null","null"
